Name;Credential Type;Credential Number;Status;Expiration Date;Disciplinary Action;Address;State;City;Zip;Phone#;First Issue Date;Primary Contact Name;Primary Contact Role;County
24 HOUR FITNESS - E. TROPICANA;ACCOMMODATION;2483-18;Active;06/30/2019;N/A;4440 E. TROPICANA AVENUE;NV;LAS VEGAS;89121;702-285-0942;07/05/2018;BARBRA WILLIAMS;Other;CLARK
24 HOUR FITNESS KID'S CLUB - CHARLESTON;ACCOMMODATION (PROVISIONAL);1023-18;Active;12/31/2018;No;4480 E. CHARLESTON BLVD;NV;LAS VEGAS;89104;702-459-4241;01/01/2014;EDWARD LA FOUGE;Person in Charge;CLARK
24 HOUR FITNESS KID'S CLUB - CRAIG;ACCOMMODATION;545-19;Active;04/30/2020;No;2106 W. CRAIG RD NORTH;NV;LAS VEGAS;89031;702-633-6034;06/01/2016;JEANETTE MONTES;Director;CLARK
24 HOUR FITNESS KID'S CLUB - MARYLAND PKWY;ACCOMMODATION (PROVISIONAL);1144-18;Active;01/31/2019;No;9875 S. MARYLAND PKWY;NV;LAS VEGAS;89183;702-361-8199;02/01/2014;ALEXIS WOELFEL;Other;CLARK
24 HOUR FITNESS KID'S CLUB - RAINBOW;ACCOMMODATION;1024-19;Active;12/31/2019;No;601 S. RAINBOW BLVD;NV;LAS VEGAS;89145;702-258-7080;01/01/2014;JOSEPH DELACRUZ;Director;CLARK
24 HOUR FITNESS KID'S CLUB - VILLAGE CENTER;ACCOMMODATION;1022-19;Active;12/31/2019;No;2090 VILLAGE CENTER CIR;NV;LAS VEGAS;89134;702-360-2408;01/01/2014;AMANDA TOLMAN;Director;CLARK
24 HOUR FITNESS KID'S CLUB - WIGWAM;ACCOMMODATION;539-19;Active;02/28/2020;No;2556 WIGWAM PKWY;NV;HENDERSON;89014;702-896-2400;08/17/2016;TIRZAH GARNER;Director;CLARK
24 HOUR FITNESS KIDS CLUB - CENTENNIAL;ACCOMMODATION;864-19;Active;03/31/2020;No;5651 CENTENNIAL CENTER;NV;LAS VEGAS;89149;702-560-5037;05/01/2017;SHAWNA STERZING;Other;CLARK
24 HOUR FITNESS KIDS CLUB - W. TROPICANA;ACCOMMODATION;1118-19;Active;01/31/2020;No;5035 W. TROPICANA AVE;NV;LAS VEGAS;89103;702-876-2451;04/01/2016;MIRELLA BRISENO;Director;CLARK
9TH BRIDGE SCHOOL;CENTER;1405-18;Active;07/31/2019;No;310 S. 9TH ST;NV;LAS VEGAS;89101;702-724-1436;08/01/2015;ETOLA BERRY;Director;CLARK
A PLACE TO GROW HOME CHILDCARE AND PRESCHOOL;FAMILY CARE;2567-18;Active;11/30/2019;N/A;390 E MINOR DR;NV;WINNEMUCCA;89445;775-304-8004;12/14/2018;KIMBERLY JONES;Owner;HUMBOLDT
A STEP AHEAD PRESCHOOL;CENTER;936-18;Active;07/31/2019;No;945 CLOVER LANE;NV;FERNLEY;89408;775-575-1122;08/01/2015;NATASHA KING;Director;LYON
A STEP BEYOND;FAMILY CARE;957-18;Active;09/30/2019;No;6944 CREEKSIDE LN;NV;LAS VEGAS;89145;702-256-2789;10/01/2017;MARTINE LAURENCE LOMBARD-CASTILLO;Owner;CLARK
ABC ETC/LITTLE LEARNERS;CENTER;411-19;Active;06/30/2019;No;500 HARRIS ST;NV;HENDERSON;89015;702-267-4060;10/01/2015;FELISHA AGUILAR;Director;CLARK
ABC PRESCHOOL AND DAY CARE CENTER;CENTER;1237-19;Active;03/31/2020;No;1730 N. PECOS RD;NV;LAS VEGAS;89115;702-642-5176;04/01/2015;MICHELLE HURLEY;Director;CLARK
ACELERO LEARNING CLARK COUNTY - CECILE WALNUT;CENTER;1273-18;Active;10/31/2019;No;3820 CECILE AVE;NV;LAS VEGAS;89115;702-799-3910;11/01/2015;LAURA & SHELLY BROWN &COOK;Director;CLARK
ACELERO LEARNING CLARK COUNTY - HENDERSON LEARNING CENTER;CENTER;831-19;Active;03/31/2020;No;180 N. WESTMINSTER WAY;NV;HENDERSON;89015;702-566-1048;09/22/2017;JESSICA & SHELLY RUCH & COOK;Director;CLARK
ACELERO LEARNING CLARK COUNTY - HERB KAUFMAN CENTER;CENTER;1290-18;Active;08/31/2019;No;4020 PERRY ST;NV;LAS VEGAS;89122;702-434-5329;09/01/2015;SYBIL & SHELLY HEFFNER & COOK;Director;CLARK
ACELERO LEARNING CLARK COUNTY - MLK CDC;CENTER;1061-19;Active;03/31/2020;No;1555 W. CAREY AVE;NV;LAS VEGAS;89032;702-642-0451;04/01/2015;MAY ANN & SHELLY CAPARAS & COOK;Director;CLARK
ACELERO LEARNING CLARK COUNTY - PROFESSIONAL DEVELOPMENT CEN;CENTER;1059-19;Active;03/31/2020;No;701 N. RANCHO DR;NV;LAS VEGAS;89106;702-486-1460;10/30/2017;SHARMETTA & SHELLY ROBERTS & COOK;Director;CLARK
ACELERO LEARNING CLARK COUNTY - REACH OUT CENTER;CENTER;1060-19;Active;03/31/2020;No;1522 PINTO LN;NV;LAS VEGAS;89106;702-382-7337;04/01/2015;ERIN & SHELLY JOHN & COOK;Director;CLARK
ACELERO LEARNING CLARK COUNTY - REYNALDO MARTINEZ;CENTER;1062-19;Active;03/31/2020;No;2901 HARRIS AVE;NV;LAS VEGAS;89101;702-799-7048;05/01/2015;JEAN & SHELLY PIGGOTT & COOK;Director;CLARK
ACELERO LEARNING CLARK COUNTY - SPRING VALLEY;CENTER;1287-18;Active;10/31/2019;No;2845 MOHAWK ST;NV;LAS VEGAS;89146;702-362-2311;11/01/2015;JOY & SHELLY ELITZER & COOK;Director;CLARK
ACELERO LEARNING CLARK COUNTY - STEWART CENTER;CENTER;1076-19;Active;04/30/2020;No;4301 E. STEWART AVE;NV;LAS VEGAS;89110;702-438-0044;12/08/2017;NORA & SHELLY JIMENEZ & COOK;Director;CLARK
ACELERO LEARNING CLARK COUNTY - YVONNE ATKINSON-GATES;CENTER;1057-19;Active;03/31/2020;No;951 N. TONOPAH AVE;NV;LAS VEGAS;89106;702-799-1844;09/01/2015;TRISHA & SHELLY LOCKWOOD & COOK;Director;CLARK
ACELERO LEARNING LORENZI CENTER;CENTER;2526-18;Active;07/31/2019;N/A;700 TWIN LAKES DRIVE;NV;LAS VEGAS;89107;702-387-0179;08/27/2018;LORI & SHELLY AMIAN-GABRIEL & COOK;Other;CLARK
ACELERO LEARNING STRONG START ACADEMY;CENTER;2179-18;Active;07/31/2019;N/A;1617 ALTA DRIVE;NV;LAS VEGAS;89101;702-229-5450;08/18/2017;GWENDOLYN & SHELLY COWARD & COOK;Director;CLARK
ACELERO LEARNING STUPAK COMMUNITY CENTER;CENTER;2527-18;Active;07/31/2019;N/A;251 W. BOSTON AVENUE;NV;LAS VEGAS;89102;702-387-0179;08/09/2018;YVONNE & SHELLY JACOB & COOK;Other;CLARK
ADOLESCENT TREATMENT CENTER;INSTITUTION;44-18;Active;05/31/2019;No;480 GALLETTI WAY;NV;SPARKS;89431;775-688-1633;06/01/2015;RENEE POLLEY;Director;WASHOE
ADVENTURES IN LEARNING PRESCHOOL;GROUP CARE (PROVISIONAL);718-17;Active;09/30/2018;No;467 GYPSUM DRIVE;NV;SPRING CREEK;89815;775-397-3424;01/01/2015;REBECCA NAHNACASSIA;Person in Charge;ELKO
ALL ABOUT KIDS DAY CARE;GROUP CARE;1119-18;Active;05/31/2019;No;1508 SILVER RAIN AVE;NV;LAS VEGAS;89123;702-463-6643;06/01/2015;NORA MORALES CACERES;Director;CLARK
ALLIE AND FRIENDS INFANT/TODDLER NURSERY;CENTER;1487-18;Active;05/31/2019;No;1695 COUNTY RD;NV;MINDEN;89423;775-783-7200;06/08/2015;MARIA HARTMAN-RUBIO;Director;DOUGLAS
ANGEL CHILD CARE;FAMILY CARE;1472-19;Active;12/31/2019;No;243 PLEASANT PEBBLE ST;NV;HENDERSON;89074;702-818-5066;01/01/2017;SEDIGHEH GHAIEMY MAHDAVY;Person in Charge;CLARK
ANGEL'S CHRISTIAN ACADEMY;CENTER;1432-19;Active;03/31/2020;No;2720 CRYSTAL WATER WAY;NV;LAS VEGAS;89117;702-270-2141;04/01/2014;JESSICA KENNEDY;Director;CLARK
ANGELS DAYCARE;FAMILY CARE;1073-19;Active;03/31/2020;No;1612 AMALFI COURT;NV;LAS VEGAS;89117;702-413-8818;04/01/2015;AGAVNI OVAGUIMIAN;Person in Charge;CLARK
APRENDE ACADEMY PRE-K @ PINECREST ACADEMY INSPIRADA;CENTER (PROVISIONAL);1499-18;Active;07/31/2019;No;2840 VIA CONTESSA;NV;HENDERSON;89044;702-473-5777;06/01/2017;JENNIFER KAISER;Director;CLARK
APRENDE ACADEMY PRE-K @ RED ROCK CAMPUS;CENTER;2041-18;Active;08/31/2019;N/A;626 CROSSBRIDGE DRIVE;NV;LAS VEGAS;89138;702-431-6260;08/01/2017;SHANNON KILLEEN;Person in Charge;CLARK
APRENDE ACADEMY PRE-K DORAL PEBBLE;CENTER;2274-18;Active;08/31/2019;N/A;6435 W. PEBBLE RD;NV;LAS VEGAS;89139;;09/01/2017;RHIANNON JOEL;Director;CLARK
APRENDE ACADEMY PRE-K DORAL SADDLE;CENTER;2427-18;Active;08/31/2019;N/A;9625 W. SADDLE AVE;NV;LAS VEGAS;89147;;08/29/2018;SHANNON KILLEEN;Other;CLARK
ARTSY NANNIES;ACCOMMODATION;1965-18;Active;06/30/2019;N/A;6569 LAS VEGAS BLVD S.;NV;LAS VEGAS;89119;702-448-4352;07/01/2017;ANDREA VALLEE;Person in Charge;CLARK
AUNTIE CHELLES & PAPA BEARS CHILDCARE/PRESCHOOL;GROUP CARE;726-19;Active;12/31/2019;No;2509 PINEBROOK DRIVE;NV;CARSON CITY;89701;775-884-1414;01/01/2015;ROCHELLE MONIZ-LEWIS;Person in Charge;CARSON CITY
BABY UNIVERSITY NCA LEARNING CENTER;CENTER;2614-19;Active;04/30/2020;N/A;6000 W OAKEY BLVD;NV;LAS VEGAS;89146;702-482-0186;05/08/2019;YUYING FAN;Director;CLARK
BABYLAND INFANT CENTER & PRESCHOOL;CENTER;1289-18;Active;11/30/2019;No;4610 MONTERREY AVE;NV;LAS VEGAS;89121;702-458-2828;12/01/2016;BERNADETTE SIGARS;Director;CLARK
BABYLOVE & CARE INFANT CENTER II;CENTER;2040-19;Active;11/30/2019;N/A;2253 E. DESERT INN RD.;NV;LAS VEGAS;89169;702-731-4650;12/14/2016;ZENAIDA CRUZ;Director;CLARK
BEAUTIFUL SAVIOR LUTHERAN PRESCHOOL;CENTER;1185-19;Active;07/31/2019;No;10265 BERMUDA RD;NV;LAS VEGAS;89183;702-260-7660;11/08/2016;JENNIFER HEINY;Director;CLARK
BETHLEHEM LUTHERN CHURCH AND SCHOOL;CENTER;727-19;Active;12/31/2019;No;1837 N. MOUNTAIN STREET;NV;CARSON CITY;89703;775-882-6718;01/01/2015;HONEY LYNNE THOMAS;Director;CARSON CITY
BITTY BUDDIES;FAMILY CARE;789-18;Active;09/30/2019;No;74 ARCHER GLEN AVE;NV;HENDERSON;89002;702-458-1642;10/01/2014;DEBORAH LORDS;Person in Charge;CLARK
BOBBIE SUAREZ FAMILY CARE;FAMILY CARE;564-18;Active;10/31/2019;No;218 WHITE CLOUD CIR;NV;HENDERSON;89074;702-898-0536;11/01/2013;BARBARA SUAREZ;Owner;CLARK
BRIGHT HORIZONS AT MGM;CENTER;1412-18;Active;09/30/2019;No;3799 S. LAS VEGAS BLVD;NV;LAS VEGAS;89109;702-597-9925;11/01/2015;MARITZA ACEVEDO;Director;CLARK
BRIGHTER DAYS PRESCHOOL;CENTER;1918-19;Active;01/31/2020;N/A;1329 WATERLOO LANE;NV;GARDNERVILLE;89410;775-782-5500;02/18/2016;ANDREA ERICKSON;Director;DOUGLAS
BRILLIANT  CHILD CHRISTIAN ACADEMY;CENTER;1540-19;Active;02/29/2020;No;7885 W. ROCHELLE AVE;NV;LAS VEGAS;89147;702-889-0496;03/10/2016;CHRISTYN DOLOTINA-CAL;Director;CLARK
BRING'EM YOUNG ACADEMY;CENTER;1508-18;Active;08/31/2019;No;3980 W. ANN RD., STE 1;NV;NORTH LAS VEGAS;89031;702-273-9684;10/01/2017;GLORIA PHILLIPS;Director;CLARK
BUILDING BLOCKS CHILD CARE;CENTER;1239-19;Active;02/28/2020;No;7570 PEACE WAY;NV;LAS VEGAS;89147;702-873-7340;03/01/2015;SHIRLEY PINKNEY;Director;CLARK
BUILDING BLOCKS DAYCARE;GROUP CARE;1453-18;Active;09/30/2019;No;219 SOUTH CENTER STREET;NV;YERINGTON;89447;775-846-2250;10/01/2015;JOELLA WHITESIDES;Person in Charge;LYON
BYCC ACADEMY;CENTER;1554-19;Active;02/28/2020;No;8551 VEGAS DR;NV;LAS VEGAS;89128;702-901-8383;08/01/2017;SHAINA ATTAL;Director;CLARK
CALVARY CHAPEL PRESCHOOL SPRING VALLEY;CENTER;1266-19;Active;02/28/2020;No;7175 W. OQUENDO RD;NV;LAS VEGAS;89113;702-248-8879;06/16/2017;JULIE PROUD;Director;CLARK
CANDIL HALL EARLY CHILDHOOD EDUCATION;CENTER;1019-19;Active;01/31/2020;No;5348 N. RAINBOW BLVD;NV;LAS VEGAS;89130;702-656-3370;10/01/2015;JHONNA DILLER;Director;CLARK
CARING 4 CUBS LEARNING CENTER;GROUP CARE;844-18;Active;08/31/2019;No;526 POPLAR DRIVE;NV;SPRING CREEK;89815;775-738-5178;09/01/2015;STEPHANIE MOYE;Person in Charge;ELKO
CARLIN FAMILY CARE;FAMILY CARE;302-19;Active;04/30/2020;No;2035 CARDIGAN AVE;NV;NORTH LAS VEGAS;89032;702-647-0989;04/19/2016;ROSALINA CARLIN;Director;CLARK
CARMEN'S DAYCARE;FAMILY CARE;2289-18;Active;10/31/2019;N/A;4817 RUSH SPRINGS DR;NV;LAS VEGAS;89139;907-727-3566;11/06/2017;CARMENZA RAMIREZ;Owner;CLARK
CARROUSEL FAMILY CHILD CARE INC.;GROUP CARE;1379-18;Active;09/30/2019;No;2191 S. VALENTINE AVE;NV;PAHRUMP;89048;775-751-2722;10/01/2016;SUZANNE YORDY;Director;NYE
CARSON CITY PARKS AND RECREATION DEPARTMENT;PERMITS;001-17;Active;05/31/2020;No;201 N CARSON ST;NV;CARSON CITY;89701;;06/01/2014;BARBARA OWNES;Other;CARSON CITY
CASCOS FAMILY DAYCARE;GROUP CARE;1164-18;Active;09/30/2019;No;1668 GATEWAY AVE;NV;LAS VEGAS;89104;702-241-9023;10/01/2016;OLGA CASCOS;Owner;CLARK
CDI HS MS - NV - WINNEMUCCA;CENTER;2501-18;Active;07/31/2019;N/A;1095 SOUTH BRIDGE STREET;NV;WINNEMUCCA;89445;775-285-5267;08/30/2018;ROMELIA JAIME;Director;HUMBOLDT
CDI HS MS-NV-FALLON;CENTER;2502-18;Active;07/31/2019;N/A;531 HUMBOLDT STREET;NV;FALLON;89406;775-238-4853;08/30/2018;VERONICA LYONS;Director;CHURCHILL
CDI HS MS-NV-YERINGTON;CENTER;2504-18;Active;08/31/2019;N/A;311 VIRGINIA STREET;NV;YERINGTON;89447;775-238-4854;09/07/2018;DEBORAH KAUFMAN;Director;LYON
CELIDA PADILLA;FAMILY CARE;1168-19;Active;03/31/2020;No;3221 MONACO SHORES DR;NV;LAS VEGAS;89117;702-253-3985;04/01/2017;CELIDA PADILLA;Person in Charge;CLARK
CHABAD - TORAH TOTS PRESCHOOL;CENTER;1108-18;Active;08/31/2019;No;1312 VISTA DR;NV;LAS VEGAS;89102;702-259-1000;10/01/2013;DINA HARLIG;Director;CLARK
CHALLENGER SCHOOL - LONE MOUNTAIN;CENTER;978-18;Active;09/30/2019;No;9900 ISAAC NEWTON WAY;NV;LAS VEGAS;89129;702-878-6418;10/01/2016;DONNA GEENE;Director;CLARK
CHALLENGER SCHOOL - LOS PRADOS;CENTER;1085-19;Active;05/31/2019;No;5150 N. JONES BLVD;NV;LAS VEGAS;89130;702-839-1900;07/01/2015;JESSICA SPENCER;Director;CLARK
CHALLENGER SCHOOL - SILVERADO;CENTER;1240-19;Active;12/31/2019;No;1725 E. SERENE AVE;NV;LAS VEGAS;89123;702-990-7300;08/01/2016;BRENDA STEVENSON;Director;CLARK
CHALLENGER SCHOOL FOUNDATION;CENTER;1989-18;Active;07/31/2019;N/A;8175 W BADURA AVENUE;NV;LAS VEGAS;89113;702-410-7225;08/03/2016;KELLY MACFARLAND-SOLAEGUI;Director;CLARK
CHARLENE RATH;FAMILY CARE;1054-19;Active;03/31/2020;No;10748 SPRUCEDALE AVE;NV;LAS VEGAS;89144;702-217-7397;09/12/2014;CHARLENE RATH;Director;CLARK
CHERI DUNCAN'S HOME CHILD CARE;GROUP CARE;1328-18;Active;07/31/2019;No;6270 BRANDON COURT;NV;WINNEMUCCA;89445;775-560-8599;08/01/2015;CHERI DUNCAN;Person in Charge;HUMBOLDT
CHERIE'S FAMILY DAYCARE;FAMILY CARE;1449-18;Active;08/31/2019;No;1720 ANDY WAY;NV;FERNLEY;89408;775-302-3608;09/01/2015;CHERIE KOLLAR;Person in Charge;LYON
CHILD & FAMILY RESEARCH CENTER-COMSTOCK;CENTER;501-18;Active;07/31/2019;No;2420 COMSTOCK DRIVE;NV;RENO;89557;775-784-8026;09/01/2015;MARIELY SALAZAR;Director;WASHOE
CHILD & FAMILY RESEARCH CENTER-SF;CENTER;134-18;Active;10/31/2019;No;1664 N. VIRGINIA ST, MAIL STOP 0141;NV;RENO;89557;775-784-6762;02/01/2015;SHERRY WAUGH;Director;WASHOE
CHILD & FAMILY RESEARCH CENTER-WRB;CENTER;1424-19;Active;12/31/2019;No;1664 N. VIRGINIA ST, MAIL STOP 0141;NV;RENO;89557;775-784-4533;02/01/2015;MICHELLE SAUNDERS;Director;WASHOE
CHILD AND FAMILY RESEARCH CENTER-6TH ST;CENTER;2404-19;Active;03/31/2020;N/A;785 W 6TH ST;NV;RENO;89503;775-682-8487;04/26/2018;MARGARET SHELTON;Director;WASHOE
CHILD DEVELOPMENT CENTER;CENTER;255-18;Active;09/30/2019;No;2201 W. COLLEGE PKWY;NV;CARSON CITY;89703;775-445-4265;10/01/2015;ANNA LISA ACOSTA;Director;CARSON CITY
CHILD HAVEN;INSTITUTION;823-19;Active;12/31/2019;No;701 N. PECOS RD;NV;LAS VEGAS;89101;702-455-8430;07/15/2014;PATRICK BARKLEY;Director;CLARK
CHILDREN'S LEARNING ADVENTURE - ANN;CENTER (PROVISIONAL);1469-18;Active;01/31/2019;No;3470 W. ANN RD;NV;NORTH LAS VEGAS;89031;702-389-6133;02/23/2015;AIRIS POTTS;Director;CLARK
CHILDREN'S LEARNING ADVENTURE - DURANGO;CENTER (PROVISIONAL);1480-18;Active;02/28/2019;No;2836 S. DURANGO DR;NV;LAS VEGAS;89117;702-389-6135;04/01/2017;WENDY JOHNSTONE;Person in Charge;CLARK
CHILDREN'S LEARNING ADVENTURE - EASTERN;CENTER;1105-19;Active;07/31/2019;No;11183 S. EASTERN AVE;NV;HENDERSON;89052;702-269-0708;08/01/2015;JESSICA STENDER;Director;CLARK
CHILDREN'S LEARNING ADVENTURE - FARM;CENTER;2240-19;Active;05/31/2019;N/A;8420 FARM ROAD;NV;LAS VEGAS;89131;702-342-6851;06/01/2017;MICHELE FLAZER;Director;CLARK
CHILDREN'S LEARNING ADVENTURE - ROBINDALE;CENTER;1152-19;Active;04/30/2019;No;6980 W. ROBINDALE RD;NV;LAS VEGAS;89113;702-263-1292;05/01/2017;CHERIDA CLAUDIO;Director;CLARK
CHILDTIME LEARNING CENTER - EASTERN;CENTER;477-19;Active;12/31/2019;No;7980 S. EASTERN AVE;NV;HENDERSON;89123;702-361-1725;03/01/2014;STEPHANIE WILLIAMS;Director;CLARK
CHOSEN ONES CHILD CARE;FAMILY CARE;1454-18;Active;10/31/2019;No;7334 PERKINS HILL ST;NV;LAS VEGAS;89166;702-228-1512;11/01/2016;LYNCOLA MOORE;Owner;CLARK
CHRIST KIDS CHILD CENTER;CENTER;958-18;Active;08/31/2019;No;111 N. TORREY PINES DR;NV;LAS VEGAS;89107;702-878-1176;05/08/2014;MARIANNA PHILLIPS;Director;CLARK
CHRIST LUTHERAN PRESCHOOL;CENTER;623-19;Active;07/31/2019;No;55 BASTIAN ROAD;NV;BATTLE MOUNTAIN;89820;775-635-2290;09/01/2015;GAIL BRANNAN;Director;LANDER
CHRIST THE SERVANT LUTHERAN PRESCHOOL;CENTER;369-18;Active;09/30/2019;No;2 S. PECOS RD;NV;HENDERSON;89074;702-914-8782;11/01/2015;KELLY EVERLY;Director;CLARK
CHRISTIAN CENTER DAYCARE;CENTER;007-18;Active;08/31/2019;No;571 ADAMS BLVD;NV;BOULDER CITY;89005;702-293-7773;09/01/2015;PAMELA CARSTENSEN;Director;CLARK
CHRISTIAN CHILDCARE;FAMILY CARE;670-18;Active;08/31/2019;No;3234 SIMMONS ST;NV;NORTH LAS VEGAS;89032;702-340-3085;09/01/2012;RAHTREE HARMS;Person in Charge;CLARK
CHRISTIAN MONTESSORI ACADEMY;CENTER;1115-19;Active;12/31/2019;No;5580 S. PECOS RD;NV;LAS VEGAS;89120;702-451-5437;01/01/2014;VIRGINIA HOOD;Director;CLARK
CITY OF RENO;PERMITS;004-15;Active;09/30/2018;No;1 EAST FIRST STREET;NV;RENO;89512;;10/01/2015;ALAN RONEY;Director;WASHOE
CLARK COUNTY;PERMITS;003-15;Active;10/31/2018;No;2601 E. SUNSET RD.;NV;LAS VEGAS;89120;;11/23/2015;CLIFF FIELDS;Other;CLARK
COMMUNITY CHURCH CHRISTIAN CHILD CARE & PRESCHOOL;CENTER;997-19;Active;10/31/2019;No;360 E. HORIZON DR;NV;HENDERSON;89015;702-565-1503;07/01/2016;CHERISH MORGAN;Director;CLARK
CONGREGATION NER TAMID EARLY CHILDHOOD EDUCATION CENTER;CENTER;815-18;Active;07/31/2019;No;55 N. VALLE VERDE DR;NV;HENDERSON;89074;632-225-0215;09/01/2016;LONNIE KRITZLER;Director;CLARK
CORNERSTONE CHRISTIAN TYKES PRESCHOOL;CENTER;1230-18;Active;08/31/2019;No;5825 W. ELDORA AVE;NV;LAS VEGAS;89146;702-939-5050;09/01/2016;DEBORAH KAYE;Director;CLARK
CORONADO PREP;CENTER;1439-18;Active;05/31/2019;No;2650 SUNRIDGE HEIGHTS PKWY;NV;HENDERSON;89052;702-565-1223;06/01/2017;JENNIFER SULLIVAN;Director;CLARK
CREATIVE KIDS CO-OP;CENTER;224-18;Active;08/31/2019;No;19 LICHT PARKWAY;NV;SPRING CREEK;89815;775-753-5941;10/01/2015;ROBBIN MCCULLOUGH;Director;ELKO
CREATIVE KIDS FORT APACHE;CENTER;2195-19;Active;02/28/2020;N/A;2575 FORT APACHE RD.;NV;LAS VEGAS;89117;702-255-0443;03/09/2017;YAZMIN VALDEZ;Director;CLARK
CREATIVE KIDS RAINBOW;CENTER;2188-19;Active;02/28/2020;N/A;3220 N. RAINBOW RD.;NV;LAS VEGAS;89108;702-645-0001;03/09/2017;REBECCA FISCHER;Director;CLARK
CREATIVE KIDS-ALIANTE;CENTER;2189-19;Active;04/30/2020;N/A;2385 DEER SPRINGS WAY;NV;NORTH LAS VEGAS;89084;702-476-0009;01/30/2017;JULIE MATHEWS;Director;CLARK
CREATIVE KIDS-ALTA;CENTER;2192-18;Active;04/30/2019;N/A;10650 ALTA DRIVE;NV;LAS VEGAS;89144;702-366-1417;05/24/2017;KELLY REYNOLDS;Director;CLARK
CREATIVE KIDS-CRAIG;CENTER;2163-19;Active;02/28/2020;N/A;5001 CRAIG ROAD;NV;LAS VEGAS;89130;702-645-3734;03/09/2017;TRACY MAURO;Director;CLARK
CREATIVE KIDS-FARM;CENTER;2194-19;Active;02/28/2020;N/A;8355 FARM RD.;NV;LAS VEGAS;89131;702-395-7766;12/21/2017;KALEYAH SMALLS;Director;CLARK
CREATIVE KIDS-HARRIS;CENTER;2190-19;Active;02/28/2020;N/A;501 HARRIS;NV;HENDERSON;89015;702-565-0007;03/22/2017;PENNY SKELLY;Director;CLARK
CREATIVE KIDS-PEBBLE;CENTER;2191-19;Active;02/28/2020;N/A;4855 W. PEBBLE RD.;NV;LAS VEGAS;89139;702-270-7770;03/01/2017;ROSALY LIZARDO;Director;CLARK
CREATIVE KIDS-TORREY PINES;CENTER;2193-19;Active;02/28/2020;N/A;5125 S. TORREY PINES DRIVE;NV;LAS VEGAS;89118;702-364-2223;03/09/2017;BELINDA KELLY;Director;CLARK
CREATIVE KIDS-WIGWAM;CENTER;2196-19;Active;04/30/2020;N/A;2320 E. WIGWAM AVE.;NV;LAS VEGAS;89123;702-617-8131;05/24/2017;CINDY BROWN;Director;CLARK
CREATIVE LITTLE HANDS;GROUP CARE;1094-18;Active;06/30/2019;No;903 CADIZ AVE;NV;HENDERSON;89015;702-274-9188;06/01/2017;KARLENE CHAPPELL;Owner;CLARK
CREATIVITY CORNER PRESCHOOL AND NURSERY;CENTER;2333-19;Active;02/28/2020;N/A;2323 NORTH CARSON STREET;NV;CARSON CITY;89706;775-434-7168;02/28/2018;KASANDRA SHEPARD;Person in Charge;CARSON CITY
CROSSROADS CHRISTIAN ACADEMY;CENTER;1333-18;Active;07/31/2019;No;124 N. TENAYA WAY;NV;LAS VEGAS;89145;702-868-2767;09/01/2015;TAMMY LYN CROSS;Director;CLARK
CSA COTTONWOOD HEAD START;CENTER;665-19;Active;02/28/2020;No;915 FARM DISTRICT ROAD;NV;FERNLEY;89408;775-575-9870;09/01/2015;ANGIE QUINN;Director;LYON
CSN ECE LAB PROGRAM - CHARLESTON;CENTER;559-18;Active;08/31/2019;No;6375 W. CHARLESTON BLVD;NV;LAS VEGAS;89146;702-651-7391;09/01/2015;KELLY HOLTAM;Director;CLARK
CSN ECE LAB PROGRAM - CHEYENNE;CENTER;028-19;Active;12/31/2019;No;3200 E. CHEYENNE AVE;NV;NORTH LAS VEGAS;89030;702-651-4004;01/01/2016;JANIS FIKES-BUNTJER;Director;CLARK
D.J.'S WEST;CENTER;587-18;Active;07/31/2019;No;101 S. ARROYO GRANDE BLVD;NV;HENDERSON;89012;702-361-3405;08/01/2015;DEBRA JO ABENDROTH;Director;CLARK
DANIEL AND DELLA WILLIAMS DAYCARE;GROUP CARE;2405-19;Active;02/28/2020;N/A;1055 MESA DRIVE;NV;FERNLEY;89408;775-750-0182;03/01/2018;DELLA WILLIAMS;Owner;LYON
DARLA'S DAY CARE;GROUP CARE;1461-18;Active;10/31/2019;No;345 BUENA VISTA AVE;NV;BATTLE MOUNTAIN;89820;775-635-9250;11/01/2015;DARLA LIEBHARDT;Person in Charge;LANDER
DAWN OF EDUCATION PRE-K;CENTER;2453-18;Active;07/31/2019;N/A;225 GRAND CADENCE DRIVE;NV;HENDERSON;89015;702-858-8801;08/09/2018;STEPHANIE RYNE;Owner;CLARK
DAYTON VALLEY LEARNING CENTER;CENTER;458-18;Active;07/31/2019;No;357 DAYTON VALLEY ROAD;NV;DAYTON;89403;775-246-5111;08/01/2015;SUSAN JOYNER;Director;LYON
DEBBIE CLARK;FAMILY CARE;1191-18;Active;09/30/2019;No;4651 AMBERWOOD LN;NV;LAS VEGAS;89147;702-873-9849;11/01/2016;DEBBIE CLARK;Person in Charge;CLARK
DEE'S PLAY & LEARN CHRISTIAN ACADEMY;GROUP CARE;2454-18;Active;06/30/2019;N/A;6321 LAUREN AVENUE;NV;LAS VEGAS;89131;510-551-5129;07/09/2018;DEETRA STEWART;Owner;CLARK
DIANA'S LIL' DARLINGS;FAMILY CARE;165-18;Active;07/31/2019;No;4621 STEEPLECHASE AVE;NV;NORTH LAS VEGAS;89031;702-658-6991;08/01/2014;DIANA DAVIDSON;Person in Charge;CLARK
DISCOVERY GARDENS CHILDCARE - BONANZA L.L.C.;CENTER;2451-19;Active;05/31/2019;N/A;4939 E BONANZA RD;NV;LAS VEGAS;89110;503-887-0601;06/08/2018;BARBARA FUENTES;Director;CLARK
DISCOVERY GARDENS CHILDCARE L.L.C.;CENTER (PROVISIONAL);2199-18;Active;04/30/2019;N/A;555 PAGE ST;NV;LAS VEGAS;89110;503-539-3810;05/18/2017;BARBARA FUENTES;Director;CLARK
DISCOVERY LEARNING CENTER;CENTER;757-19;Active;12/31/2019;No;905 TAYLOR PLACE;NV;FALLON;89406;775-867-4909;01/01/2015;ALYSON OSTERS;Director;CHURCHILL
DJ'S EAST;CENTER;2557-18;Active;07/31/2019;N/A;1360 S. BOULDER HWY;NV;HENDERSON;89015;7023613405;08/23/2018;DEBRA ABENDROTH;Owner;CLARK
DLE HOME CHILD CARE & PRESCHOOL;GROUP CARE;1486-19;Active;04/30/2020;No;4666 CONRAD PLACE;NV;FALLON;89406;775-867-2013;05/11/2015;DUSTY EDGMON;Person in Charge;CHURCHILL
DON'S KID KASTLE;ACCOMMODATION;1505-18;Active;08/31/2019;No;1650 CASINO DR;NV;LAUGHLIN;89029;702-298-2535;08/01/2016;PATRICIA PERU;Person in Charge;CLARK
DOUGLAS COUNTY;PERMITS;002-17;Active;10/31/2020;No;1323 WATERLOO LANE;NV;GARDNERVILLE;89410;;10/01/2014;BRIAN FITZGERALD;Other;DOUGLAS
DUCK DUCK GOOSE DAYCARE;CENTER;1160-18;Active;08/31/2019;No;3427 S. EASTERN AVE;NV;LAS VEGAS;89169;702-737-3000;09/01/2015;ARLINA QUINONEZ;Director;CLARK
E L CORD CHILD CARE CENTER;CENTER;308-18;Active;06/30/2019;No;7000 DANDINI BLVD;NV;RENO;89512;775-674-7515;07/01/2015;DIANE NICOLET;Director;WASHOE
EARLY HEAD START-NEIS;CENTER;1102-18;Active;07/31/2019;No;2667 ENTERPRISE RD;NV;RENO;89512;775-348-9585;10/01/2014;CALENA LONG;Director;WASHOE
EDUCARE DEI MONTESSORI;CENTER;1337-18;Active;07/31/2019;No;2109 ROOP STREET;NV;CARSON CITY;89701;775-882-3011;08/01/2015;JOAN LEPAS;Director;CARSON CITY
EMOTIONS OF LIFE DAY CARE CAMP;FAMILY CARE;1343-18;Active;08/31/2019;No;8920 ATTIC GRACE;NV;LAS VEGAS;89149;702-405-6161;09/01/2015;VONDA JACKSON;Person in Charge;CLARK
EOS FITNESS - CENTENNIAL;ACCOMMODATION;1477-19;Active;02/28/2020;No;6564 LOSEE RD NORTH;NV;LAS VEGAS;89086;702-657-0171;09/01/2016;GUADALUPE HURTADO;Person in Charge;CLARK
EOS FITNESS - EASTERN;ACCOMMODATION;1475-19;Active;02/28/2020;No;9310 S. EASTERN AVE., STE 110;NV;HENDERSON;89123;702-914-5885;03/01/2016;GUADALUPE HURTADO;Person in Charge;CLARK
EOS FITNESS - LAKE MEAD;ACCOMMODATION;1476-19;Active;02/28/2020;No;7501 W. LAKE MEAD BLVD;NV;LAS VEGAS;89128;702-360-8205;07/01/2016;GUADALUPE HURTADO;Person in Charge;CLARK
EOS FITNESS - SAHARA;ACCOMMODATION;1988-18;Active;09/30/2019;N/A;8125 W. SAHARA;NV;LAS VEGAS;89117;702-308-3384;10/13/2016;GUADALUPE HURTADO;Person in Charge;CLARK
EOS FITNESS - STEPHANIE;ACCOMMODATION;1474-19;Active;02/28/2020;No;35 S. STEPHANIE ST;NV;HENDERSON;89012;702-269-0828;03/01/2016;GUADALUPE HURTADO;Person in Charge;CLARK
EOS FITNESS -RUSSELL;ACCOMMODATION;2290-19;Active;11/30/2019;N/A;3325 E. RUSSELL RD.;NV;LAS VEGAS;89120;702-308-3384;11/30/2017;GUADALUPE HURTADO;Person in Charge;CLARK
EVA'S CHILD CARE;FAMILY CARE;1245-18;Active;05/31/2019;No;534 FOGG ST;NV;LAS VEGAS;89110;702-438-9792;06/01/2016;EVA MORRISSEY;Director;CLARK
FAR WEST ACADEMY;CENTER;2582-19;Active;02/29/2020;N/A;4660 N. RANCHO DR.;NV;LAS VEGAS;89130;702-430-2722;03/15/2019;MARIAH MEARS;Other;CLARK
FIRST GOOD SHEPHERD LUTHERAN PRESCHOOL;CENTER (PROVISIONAL);908-18;Active;08/31/2018;No;323 S. 13TH ST;NV;LAS VEGAS;89101;702-366-1245;08/01/2015;DEBORAH SIMKINS;Director;CLARK
FIRST MEMORIES IN HOME DAY CARE;FAMILY CARE;1092-18;Active;06/30/2019;No;6220 DESERT HAVEN RD;NV;LAS VEGAS;89130;702-636-8311;07/01/2015;MICHELLE TINNIRELLO;Owner;CLARK
FIRST STEP KID'S CARE;CENTER;979-18;Active;09/30/2019;No;4701 E. OWENS AVE;NV;LAS VEGAS;89110;702-453-3736;10/01/2014;SONIA WILHELM;Director;CLARK
FIRST STEP KINDERGARTEN PREP;FAMILY CARE;2003-18;Active;06/30/2019;N/A;2026 HOBBYHORSE AVE;NV;HENDERSON;89012;702-272-2725;07/25/2016;JAMIE REYBURN;Director;CLARK
FITNESS ALLIANCE LLC DBA EOS FITNESS;ACCOMMODATION;1950-19;Active;02/28/2020;N/A;7070 S. DURANGO DRIVE;NV;LAS VEGAS;89113;702-413-7711;06/21/2016;GUADALUPE HURTADO;Person in Charge;CLARK
FIVE SEASONS;GROUP CARE;2645-19;Active;04/30/2020;N/A;2180 VIA ZORAN;NV;HENDERSON;89044;702-325-0874;04/23/2019;ALLISON NALDOZA;Owner;CLARK
FIVE STAR SITTERS;EXTENDED ACCOMMODATION;2415-18;Active;09/30/2019;N/A;1980 FESTIVAL PLAZA DRIVE;NV;LAS VEGAS;89135;;10/12/2018;CELENE YOCUM;Owner;CLARK
FOOTHILLS MONTESSORI SCHOOL;CENTER;1416-18;Active;09/30/2019;No;1401 AMADOR LANE;NV;HENDERSON;89102;702-567-5080;10/01/2015;MELISSA ECKES;Director;CLARK
FROM CRADLES TO CRAYONS;CENTER;1401-18;Active;06/30/2019;No;801 OVERLAND LOOP #108;NV;DAYTON;89403;775-241-2449;09/01/2015;SUNEITA HAUPT;Director;LYON
GALINA'S CHILD CARE;FAMILY CARE;1382-18;Active;10/31/2019;No;9692 SWAYING TREES DR;NV;LAS VEGAS;89147;702-253-5202;11/01/2014;GALINA GEREVENKO;Owner;CLARK
GARDNER FAMILY DAYCARE;FAMILY CARE;1929-19;Active;03/31/2020;N/A;6801 JEANETTE ST;NV;LAS VEGAS;89131;702-878-8881;04/12/2016;NICOLE GARDNER;Person in Charge;CLARK
GG DAY CARE;FAMILY CARE;2070-18;Active;06/30/2019;N/A;9300 CHILLY POND AVE;NV;LAS VEGAS;89129;;07/19/2017;SABRINA GATES;Person in Charge;CLARK
GLORIA LOPEZ CHILD CARE HOME;FAMILY CARE;1009-18;Active;11/30/2019;No;4025 LIGHTHOUSE AVE;NV;LAS VEGAS;89110;702-438-8616;12/01/2012;GLORIA LOPEZ;Owner;CLARK
GOLD STANDARD CHILD CARE AND PRESCHOOL,LLC;CENTER;1430-19;Active;02/28/2020;No;5120 S. EASTERN AVE;NV;LAS VEGAS;89119;702-541-7963;04/01/2016;JENNIE GUY;Director;CLARK
GOLDFISH;FAMILY CARE;1445-18;Active;08/31/2019;No;8512 COPPER FALLS AVE;NV;LAS VEGAS;89129;702-951-9264;09/01/2016;ANTONINA SABLINA;Director;CLARK
GOOD SAMARITAN CHRISTIAN ACADEMY;CENTER;1130-19;Active;12/31/2019;No;8425 W. WINDMILL LN;NV;LAS VEGAS;89113;702-407-6749;08/12/2014;MIRIAM DAKE;Director;CLARK
GRACE CHRISTIAN ACADEMY;CENTER;1998-19;Active;01/31/2020;N/A;512 CALIFORNIA AVE.;NV;BOULDER CITY;89005;702-293-3536;01/27/2017;JAMIE CARPETNER;Director;CLARK
GRAMMY'S HOUSE CHILD CARE & PRESCHOOL;FAMILY CARE;1429-19;Active;02/28/2020;No;281 VIOLET NOTE ST;NV;HENDERSON;89074;702-629-7804;04/01/2015;BARBARA ANDERSON;Director;CLARK
GRANNY T'S;GROUP CARE;2353-19;Active;01/31/2020;N/A;9637 JERAN MILES CT;NV;LAS VEGAS;89147;702-202-2508;02/07/2018;DANIEL HEADWORTH;Person in Charge;CLARK
GREAT BASIN COLLEGE;CENTER;39-19;Active;01/31/2020;No;1500 COLLEGE PARKWAY;NV;ELKO;89801;775-753-2224;03/01/2015;SARAH CARONE;Director;ELKO
GREATER LAS VEGAS ACADEMY;CENTER;1914-18;Active;05/31/2019;No;6531 ANNIE OAKLEY DR;NV;HENDERSON;89014;702-405-7323;09/01/2017;HEATHER TOMKOWSKI;Director;CLARK
GREEN VALLEY CHRISTIAN PRESCHOOL;CENTER;156-19;Active;01/31/2020;No;711 VALLE VERDE CT;NV;HENDERSON;89014;702-454-4056;02/01/2016;IXCHELL GONZALES;Director;CLARK
GREEN VALLEY CHRISTIAN PRESCHOOL ANNEX;CENTER;683-18;Active;07/31/2019;No;705 VALLE VERDE CT;NV;HENDERSON;89014;702-434-0474;08/01/2015;IXCHELL GONZALEZ;Director;CLARK
GREEN VALLEY LUTHERAN PRESCHOOL;CENTER;410-18;Active;08/31/2019;No;1799 WIGWAM PKWY;NV;HENDERSON;89074;702-454-0004;09/01/2017;JENNIFER REVIS;Director;CLARK
GREEN VALLEY UNITED METHODIST CHURCH CHRISTIAN PRESCHOOL;CENTER;814-18;Active;08/31/2019;No;2200 ROBINDALE RD;NV;HENDERSON;89074;702-454-7989;09/01/2014;TRACY VANAKEN;Director;CLARK
GUNGUIS CHILD CARE;FAMILY CARE;1139-18;Active;09/30/2019;No;7027 WESTPARK CT;NV;LAS VEGAS;89147;702-579-4730;11/01/2013;DORIS BATRES;Director;CLARK
HAND IN HAND PRESCHOOL & EARLY DEVELOPMENT CENTER - BUFFALO;CENTER;1335-18;Active;07/31/2019;No;10760 S. BUFFALO DR;NV;LAS VEGAS;89179;702-733-1103;08/01/2015;CHRISTINA PYATT;Director;CLARK
HAND IN HAND PRESCHOOL & EARLY DEVELOPMENT CENTER - SERENE;CENTER;1207-18;Active;07/31/2019;No;1550 E. SERENE AVE;NV;LAS VEGAS;89123;702-407-2956;08/01/2015;CHRISTINA & SHEILA PYATT & LACKINGER;Director;CLARK
HAPPY DAYS MONTESSORI ACADEMY;CENTER;942-19;Active;04/30/2020;No;2301 LAS VERDES ST;NV;LAS VEGAS;89102;702-871-0600;10/12/2016;GRASHANTHI WIJEKULARATNE;Director;CLARK
HAPPYTIME DAYCARE LEARNING CENTER;FAMILY CARE;2378-18;Active;07/31/2019;N/A;2418 PARASAIL PIONT AVE;NV;NORTH LAS VEGAS;89031;702-403-7374;08/09/2018;CASSANDRA HALL;Owner;CLARK
HARDY GROUP DAY CARE;GROUP CARE;856-18;Active;11/30/2019;No;3975 REDWING DRIVE;NV;FALLON;89406;775-423-7811;12/01/2014;VERONICA HARDY;Person in Charge;CHURCHILL
HEAD START OF NORTHEASTERN NV-ELKO CENTER;CENTER;35-18;Active;10/31/2019;No;1280 GOLF COURSE ROAD;NV;ELKO;89801;775-738-5953;11/01/2015;CHARLOTTE TORRES;Director;ELKO
HEAD START OF NORTHEASTERN NV-ELKO EARLY HEAD START;CENTER;568-18;Active;10/31/2019;No;1280 GOLF COURSE ROAD;NV;ELKO;89801;775-777-1459;11/01/2015;CHARLOTTE TORRES;Director;ELKO
HEAD START OF NORTHEASTERN NV-SILVER STREET;CENTER;1375-18;Active;08/31/2019;No;1326 SILVER STREET;NV;ELKO;89801;775-738-2030;09/01/2015;KYLEE HAGGERTY;Director;ELKO
HEINRICH YMCA;CENTER;2550-18;Active;08/31/2019;N/A;4141 MEADOWS LANE;NV;LAS VEGAS;89107;702-877-9622;09/01/2018;ERICA STEGALL;Person in Charge;CLARK
HELEN MEYER COMMUNITY CENTER;CENTER;1167-19;Active;01/31/2020;No;4525 NEW FOREST DR;NV;LAS VEGAS;89147;702-455-7723;02/01/2014;SHANNON SCOTT;Director;CLARK
HENDERSON CHRISTIAN ACADEMY;CENTER;965-18;Active;08/31/2019;No;2750 ROBINDALE RD;NV;HENDERSON;89074;702-270-2595;02/01/2016;CANDICE LOFTON;Director;CLARK
HENDERSON INTERNATIONAL SCHOOL;CENTER;1107-19;Active;07/31/2019;No;1165 SANDY RIDGE AVE;NV;HENDERSON;89052;702-597-2778;09/01/2015;LIZETTE AUGUSTINE;Director;CLARK
HILL & DALE CHILD DEVELOPMENT CENTER;CENTER;1247-19;Active;02/29/2020;No;3720 E. TROPICANA AVE;NV;LAS VEGAS;89121;702-458-2243;03/01/2015;TAMY GATES;Director;CLARK
HIS HAND EXTENDED;GROUP CARE;449-18;Active;05/31/2019;No;907 CENTER ST;NV;HENDERSON;89015;702-428-4448;09/01/2015;TRACY MAY;Owner;CLARK
HIS WORD CHRISTIAN ACADEMY;CENTER;837-19;Active;04/30/2020;No;888 HUDSON WAY;NV;SMITH;89430;775-465-9399;05/01/2015;DIANE HERRAND;Director;LYON
HOLLYWOOD PARK AND RECREATION;CENTER;1267-19;Active;01/31/2020;No;1650 S. HOLLYWOOD BLVD;NV;LAS VEGAS;89142;702-455-0566;08/01/2015;BRIDGET GANIGAN-NAVA;Director;CLARK
HOMESTYLE DAY CARE;FAMILY CARE;430-18;Active;11/30/2019;No;6126 RAINBIRD COURT;NV;NORTH LAS VEGAS;89031;702-649-6467;12/01/2014;FRANCESCA ANSELMO;Person in Charge;CLARK
HOPE CHRISTIAN PRESCHOOL;CENTER;1419-18;Active;11/30/2019;No;870 E. CACTUS AVE;NV;LAS VEGAS;89183;702-896-5924;01/01/2015;CRYSTAL MCCORMICK;Director;CLARK
IMAGINATION STATION EARLY LEARNING CENTER;CENTER;1501-19;Active;07/31/2019;No;4185 VEGAS VALLEY DR;NV;LAS VEGAS;89121;702-457-8889;09/01/2016;NIKIA JENKINS;Director;CLARK
IMAGINATION STATION EARLY LEARNING CENTER PALACE LLC.;CENTER (PROVISIONAL);2459-18;Active;07/31/2019;N/A;2750 S RANCHO DRIVE;NV;LAS VEGAS;89102;702-686-0600;08/07/2018;LETANIYA WARREN;Owner;CLARK
IMAGINATION STATION SUNSET;CENTER;2272-18;Active;06/30/2019;N/A;1310 W WARM SPRINGS RD;NV;HENDERSON;89014;;07/01/2017;MEAGAN ANDRADE;Director;CLARK
IMMACULATE GLIPONEO FAMILY CARE HOME;FAMILY CARE;1124-19;Active;02/28/2020;No;6329 BRAVE VOYAGER CT;NV;LAS VEGAS;89139;702-616-1695;03/01/2016;IMMACULATE GLIPONEO;Owner;CLARK
IN THE BEGINNING DBA FAITH LUTHERAN PRESCHOOL;CENTER;1506-18;Active;08/31/2019;No;10405 GRIFFITH PEAK DR;NV;LAS VEGAS;89135;702-921-2727;09/14/2015;TONIA TATE;Director;CLARK
INFINITY LEARNING CENTER;CENTER;1491-18;Active;06/30/2019;No;8985 W. FLAMINGO RD;NV;LAS VEGAS;89147;702-485-1100;04/01/2017;ASHLEY LYNN;Director;CLARK
INTERNATIONAL CHRISTIAN ACADEMY PRESCHOOL;CENTER;1465-19;Active;12/31/2019;No;8100 WESTCLIFF DR;NV;LAS VEGAS;89145;702-242-1069;07/01/2018;KIM MULLIGAN-BRIGHT;Director;CLARK
IVY LAND;CENTER;2480-18;Active;07/31/2019;N/A;160 INDUSTRIAL WAY;NV;FALLON;89406;775-423-3939;08/31/2018;IVY WARD;Owner;CHURCHILL
JAMIE'S CHILD CARE;FAMILY CARE;383-19;Active;02/28/2020;No;6324 BIG CEDAR CT;NV;NORTH LAS VEGAS;89031;702-506-5958;03/01/2016;JAMIE DIEDRICH;Person in Charge;CLARK
JOAN E. SQUIRE;FAMILY CARE;1114-19;Active;12/31/2019;No;11723 MAGLIANA ST;NV;LAS VEGAS;89183;702-896-1796;01/01/2016;JOAN SQUIRE;Person in Charge;CLARK
JOYFUL HEARTS CHILDCARE LLC;FAMILY CARE;2593-19;Active;04/30/2020;N/A;10655 BANDERA MOUNTAIN LANE;NV;LAS VEGAS;89166;857-234-3194;04/26/2019;ANGELINE CARLSON;Owner;CLARK
JULIE CAMPBELL IN-HOME DAYCARE;FAMILY CARE;1360-19;Active;02/28/2020;No;2721 MESSINA CT;NV;LAS VEGAS;89117;702-505-6162;04/01/2017;JULIE CAMPBELL;Owner;CLARK
JUNIOR JUNCTION PRESCHOOL;CENTER;133-18;Active;09/30/2019;No;101 W. CHAPARRAL DR;NV;HENDERSON;89015;702-564-5422;11/01/2013;JOLYNNE BARNUM;Director;CLARK
JUST FOR KIDS;CENTER;315-18;Active;10/31/2019;No;1611 FLAGVIEW DRIVE;NV;ELKO;89801;775-777-1882;11/01/2015;JENNIFER HENDRIX;Director;ELKO
JUST LIKE HOME FAMILY DAYCARE;FAMILY CARE;1171-19;Active;02/28/2020;No;3340 RED ROCK ST;NV;LAS VEGAS;89146;702-220-5106;03/01/2015;LANA THOMSEN;Owner;CLARK
KEYS KIDS;FAMILY CARE;1005-18;Active;11/30/2019;No;1924 H ST;NV;LAS VEGAS;89106;702-639-6832;12/01/2016;KISHA GRAY;Owner;CLARK
KID'S CHOICE;FAMILY CARE;1277-19;Active;12/31/2019;No;4422 COLLINGWOOD ST;NV;LAS VEGAS;89147;702-523-1230;03/01/2017;GANGA ATHAUDA;Owner;CLARK
KID'S CO-OP;CENTER;639-19;Active;12/31/2019;No;4316 N. DECATUR BLVD;NV;LAS VEGAS;89130;702-656-6600;01/01/2014;BONNIE TOTH;Director;CLARK
KID'S HAPPY DAYS CHILD CARE;FAMILY CARE;970-18;Active;09/30/2019;No;6201 W. OAKEY BLVD;NV;LAS VEGAS;89146;702-871-4576;11/01/2016;SUDARSHINI WIJEKULARANTE;Owner;CLARK
KID'S TURF ACADEMY II, LLC;CENTER;1201-18;Active;05/31/2019;No;1380 E. SILVERADO RANCH BLVD;NV;LAS VEGAS;89183;702-453-8877;08/01/2015;CONNIE HARRIS;Director;CLARK
KIDDIE ACADEMY OF HENDERSON;CENTER;1507-18;Active;08/31/2019;No;870 CORONADO CENTER DR;NV;HENDERSON;89052;702-333-1177;09/01/2015;MICHELLE WENNERBERG;Director;CLARK
KIDS ARE US ACADEMY;CENTER;1231-18;Active;08/31/2019;No;2760 S. JONES BLVD;NV;LAS VEGAS;89146;702-220-4384;11/01/2013;KIMBERLI HELAIRE-SMITH;Director;CLARK
KIDS CAMPUS LEARNING CENTER - MLK;CENTER;464-18;Active;08/31/2019;No;3901 N. MARTIN LUTHER KING BLVD;NV;NORTH LAS VEGAS;89032;702-638-2267;10/01/2017;LYNDA HARVEY;Director;CLARK
KIDS CAMPUS LEARNING CENTER - TROPICANA;CENTER;1217-19;Active;12/31/2019;No;9572 W. TROPICANA AVE;NV;LAS VEGAS;89147;702-368-2267;01/01/2015;ANNE MAZIAR;Director;CLARK
KIDS CAMPUS LEARNING CENTER III - SIMMONS;CENTER;721-18;Active;09/30/2019;No;5730 SIMMONS ST NORTH;NV;LAS VEGAS;89031;702-644-2267;11/01/2017;ELIZABETH PLUMMER;Director;CLARK
KIDS COVE PRESCHOOL AND CHILD CARE;CENTER;1192-19;Active;01/31/2020;No;4975 E. ST. LOUIS AVE;NV;LAS VEGAS;89104;702-431-2222;03/01/2016;DENICE FELDMAN;Director;CLARK
KIDS FIRST;CENTER (PROVISIONAL);1141-18;Active;12/31/2018;No;5245 E. BONANZA RD;NV;LAS VEGAS;89110;702-531-1977;08/01/2015;ASHLEE NAEHU;Director;CLARK
KIDS KIND OF PLACE;CENTER;1450-19;Active;08/31/2019;No;2679 VICKY LANE;NV;MINDEN;89423;775-267-2290;09/01/2015;JANINE PUCHALSKI;Director;DOUGLAS
KIDS KONNECTION;GROUP CARE;960-18;Active;08/31/2019;No;3280 E. CACTUS ST;NV;PAHRUMP;89048;775-751-3456;09/01/2016;DENISE STOUT;Owner;NYE
KIDS KOTTAGE MODULAR;INSTITUTION;339B-19;Active;05/31/2019;No;2075 LONGLEY LANE;NV;RENO;89502;775-856-7380;07/01/2015;CAMILLE IGLESIAS MOLINA;Director;WASHOE
KIDS KOTTAGE ONE;INSTITUTION;184-19;Active;02/28/2020;No;2095 LONGLEY LANE;NV;RENO;89502;775-856-7380;07/01/2015;CAMILLE IGLESIAS;Director;WASHOE
KIDS KOTTAGE TOO;INSTITUTION;339A-19;Active;03/31/2020;No;2075 LONGLEY LANE;NV;RENO;89502;775-856-7380;07/01/2015;HERBERT WELLS;Director;WASHOE
KIDS LEARNING PATH;CENTER;2292-18;Active;10/31/2019;N/A;4640 E DESERT INN ROAD;NV;LAS VEGAS;89121;702-456-4986;11/15/2017;SHASHANI PAHALAGAMA;Director;CLARK
KIDS QUEST - BOULDER;EXTENDED ACCOMMODATION;1218-19;Active;12/31/2019;No;4111 BOULDER HWY;NV;LAS VEGAS;89121;702-432-7569;08/24/2015;MISTY ORISON;Director;CLARK
KIDS QUEST - GREEN VALLEY;EXTENDED ACCOMMODATION;1495-18;Active;07/31/2019;No;2300 PASEO VERDE PKWY;NV;HENDERSON;89052;702-617-7700;08/01/2017;KAYLA TATE;Director;CLARK
KIDS QUEST - RED ROCK;EXTENDED ACCOMMODATION;1197-19;Active;03/31/2020;No;11011 W. CHARLESTON BLVD;NV;LAS VEGAS;89135;702-797-7646;08/24/2015;BERNADETTE NUUANU;Director;CLARK
KIDS QUEST - SANTA FE;EXTENDED ACCOMMODATION;893-18;Active;06/30/2019;No;4949 N. RANCHO DR;NV;LAS VEGAS;89130;702-658-4966;08/24/2015;KIMBERLY ACKLIN;Director;CLARK
KIDS QUEST - SUNSET STATION;EXTENDED ACCOMMODATION;395-18;Active;05/31/2019;No;1301 W. SUNSET RD;NV;HENDERSON;89014;702-547-7773;10/01/2017;NICOLE MEYERS;Person in Charge;CLARK
KIDS QUEST - TEXAS STATION;EXTENDED ACCOMMODATION;485-19;Active;01/31/2020;No;2101 TEXAS STAR LANE;NV;NORTH LAS VEGAS;89030;702-288-7955;06/12/2017;EMILY BOYCE;Director;CLARK
KIDS R KIDS - CIMARRON;CENTER;1214-18;Active;10/31/2019;No;2830 S. CIMARRON RD;NV;LAS VEGAS;89117;702-798-3000;11/01/2015;ROBIN & SHEILA LANE & WALKER;Director;CLARK
KIDS R KIDS - JONES;CENTER;1198-19;Active;03/31/2020;No;5000 S. JONES BLVD;NV;LAS VEGAS;89118;702-871-7600;04/01/2016;TRACI PALM;Director;CLARK
KIDS R KIDS - PATRICK;CENTER;573-19;Active;01/31/2020;No;1640 PATRICK LANE;NV;HENDERSON;89014;702-547-3555;02/01/2016;JASON & MELISSA GRIFFIN & CARD;Director;CLARK
KIDS R KIDS - SERENE;CENTER;1208-18;Active;08/31/2019;No;985 E. SERENE AVE;NV;LAS VEGAS;89123;702-270-6010;11/01/2016;CINDY & DEBORAH MONTOYA & THOMPSON;Director;CLARK
KIDS TYME;ACCOMMODATION;1264-18;Active;06/30/2019;No;4500 W. TROPICANA AVE;NV;LAS VEGAS;89103;702-365-7300;07/01/2015;JULIE FLICK;Person in Charge;CLARK
KIDSVILLE LEARN AND PLAY CENTER;CENTER;1555-19;Active;03/31/2020;No;4339 E. BONANZA RD;NV;LAS VEGAS;89110;702-459-5222;04/28/2016;GUISSEPPE CARLO EVANGELISTA;Owner;CLARK
KIDTOWN LAS VEGAS;CENTER;1410-18;Active;09/30/2019;No;5270 S. PECOS RD;NV;LAS VEGAS;89120;702-385-5222;10/01/2015;MARY BORCUK;Director;CLARK
KIDZ KIDZ KIDZ - DECATUR;CENTER (PROVISIONAL);1434-18;Active;03/31/2019;No;10430 S. DECATUR BLVD., STE 109;NV;LAS VEGAS;89141;702-914-5439;09/01/2016;JAMAIKA IVORY;Director;CLARK
KIDZ KIDZ KIDZ - NELLIS;CENTER (PROVISIONAL);1483-18;Active;03/31/2019;No;1567 N. NELLIS BLVD;NV;LAS VEGAS;89110;702-453-1540;06/01/2016;SABRINA MORENO;Director;CLARK
KIDZ KIDZ KIDZ - TROPICANA;CENTER;1262-19;Active;04/30/2020;No;6018 W. TROPICANA AVE;NV;LAS VEGAS;89103;702-898-5439;06/01/2016;CHRISTINA PAGAN;Director;CLARK
KIDZ KIDZ KIDZ PRESCHOOL - ANN;CENTER (PROVISIONAL);1484-19;Active;04/30/2019;No;4645 W. ANN RD., STE. 106;NV;NORTH LAS VEGAS;89031;702-839-9828;02/08/2016;MIESHA TRIPLETT;Director;CLARK
KIDZ KIDZ KIDZ PRESCHOOL - BLUE DIAMOND;CENTER;1482-19;Active;03/31/2020;No;8060 BLUE DIAMOND RD, SUITE #140;NV;LAS VEGAS;89113;702-897-8350;09/01/2015;EMILY HICKS;Director;CLARK
KIDZ KIDZ KIDZ PRESCHOOL - FT. APACHE;CENTER;1485-19;Active;04/30/2020;No;5970 S. FORT APACHE RD., STE 103;NV;LAS VEGAS;89148;702-798-7314;06/01/2016;SHANDA BAIN;Director;CLARK
KIDZ KIDZ KIDZ PRESCHOOL - HORIZON RIDGE;CENTER (PROVISIONAL);1356-19;Active;01/31/2020;No;1483 HORIZON RIDGE PKWY., STE 100;NV;HENDERSON;89014;702-588-5439;02/01/2015;JORDYN RUSH;Other;CLARK
KIDZ KIDZ KIDZ PRESCHOOL - RAINBOW;CENTER;1250-18;Active;06/30/2019;No;7625 S. RAINBOW BLVD., STE 104-106;NV;LAS VEGAS;89139;702-214-5439;07/01/2016;MELISSA MIKELL;Director;CLARK
KIDZ KIDZ KIDZ SOUTHERN HIGHLANDS;CENTER;2167-19;Active;03/31/2020;N/A;11350 SOUTHERN HIGHLANDS PKWY;NV;LAS VEGAS;89141;702-269-6132;04/07/2017;JORDYN RUSH;Director;CLARK
KIDZHOUS CORP.DBA THE CHILDREN'S GARDEN;CENTER;474-18;Active;10/31/2019;No;594 BLACKRIDGE RD;NV;HENDERSON;89015;702-564-2201;07/01/2016;LANA & JOANNE ARCHULETA & SANTOS;Director;CLARK
KIM'S DAY CARE;FAMILY CARE;994-19;Active;10/31/2019;No;6100 RESORT RIDGE ST;NV;LAS VEGAS;89130;702-839-5479;11/01/2016;KIM HERMAN;Owner;CLARK
KINDER COTTAGE LEARNING CENTER;CENTER;1543-18;Active;06/30/2019;No;4090 E. OWENS AVE;NV;LAS VEGAS;89110;702-437-2276;08/01/2016;CORVETTE COX;Director;CLARK
KINDER PREP ACADEMY;CENTER;897-18;Active;06/30/2019;No;5695 N. RAINBOW BLVD;NV;LAS VEGAS;89130;702-656-3737;08/01/2015;JENNIFER SRODES;Director;CLARK
KINDERCARE LEARNING CENTERS - BUFFALO;CENTER (PROVISIONAL);1142-18;Active;01/31/2019;No;3570 N. BUFFALO DR;NV;LAS VEGAS;89129;702-655-6565;05/01/2017;NICOLE BELL;Director;CLARK
KINDERCARE LEARNING CENTERS - DESERT MARIGOLD;CENTER;1253-19;Active;02/29/2020;No;3085 DESERT MARIGOLD DR;NV;LAS VEGAS;89135;702-243-0033;04/01/2017;NANCY BRENEMAN;Director;CLARK
KINDERCARE LEARNING CENTERS - LAKE SAHARA;CENTER;911-19;Active;03/31/2020;No;2600 LAKE SAHARA DR;NV;LAS VEGAS;89117;702-254-9111;10/01/2015;KASHMIR SHAFFER;Director;CLARK
KINDERCARE LEARNING CENTERS - OFFICE PARK;CENTER;556-18;Active;07/31/2019;No;51 OFFICE PARK;NV;HENDERSON;89074;702-990-8502;11/01/2015;LEISEL ANDERSON;Director;CLARK
KINDERCARE LEARNING CENTERS - TORREY PINES;CENTER;1251-19;Active;05/31/2019;No;4050 S. TORREY PINES DR;NV;LAS VEGAS;89103;702-367-0822;08/01/2015;TIFFANY PIACENTE;Director;CLARK
KINDERLAND NURSERY SCHOOL;CENTER (PROVISIONAL);733-18;Active;12/31/2018;No;1002 N. CURRY ST;NV;CARSON CITY;89703;775-882-2850;02/01/2015;ROSETTA MCFADDEN;Director;CARSON CITY
KOFE INSTITUTE;EXTENDED ACCOMMODATION;2087-18;Active;09/30/2019;N/A;2225 C RENAISSANCE DRIVE #431;NV;LAS VEGAS;89119;;09/27/2018;LEAH KIRKWOOD;Director;CLARK
KOUNTRY KIDS KORNER;GROUP CARE;2139-18;Active;10/31/2019;N/A;43 ASH DRIVE;NV;YERINGTON;89447;775-221-4087;01/26/2017;LISA TIBBALS;Person in Charge;LYON
KRISTINE PURCELL;FAMILY CARE;1039-19;Active;01/31/2020;No;8517 COPPER MINE AVE;NV;LAS VEGAS;89129;702-255-3274;02/01/2015;KRISTINE PURCELL;Person in Charge;CLARK
KRISTINE STEWART;FAMILY CARE;876-18;Active;05/31/2019;No;6117 TAMAR CT;NV;LAS VEGAS;89130;702-296-5025;06/01/2015;KRISTINE STEWART;Director;CLARK
KRN4KDS;FAMILY CARE;981-18;Active;09/30/2019;No;5305 WIND PRAIRIE ST;NV;LAS VEGAS;89130;702-658-7633;11/01/2015;KAREN DAVIS;Owner;CLARK
KUMI'S DAYCARE;FAMILY CARE;1459-18;Active;09/30/2019;No;9925 SPARROW RIDGE AVE;NV;LAS VEGAS;89117;702-243-6723;12/08/2016;KUMUDINI GAMAGE;Person in Charge;CLARK
LA PETITE ACADEMY - BOSECK;CENTER;986-18;Active;10/31/2019;No;8451 BOSECK DR;NV;LAS VEGAS;89145;702-255-9252;11/01/2013;VIANCA SOLIMANO;Director;CLARK
LA PETITE ACADEMY - CENTENNIAL;CENTER;819-18;Active;10/31/2019;No;2645 W. CENTENNIAL PKWY;NV;NORTH LAS VEGAS;89084;702-395-0969;11/01/2016;KIMBERLY RAAB;Director;CLARK
LA PETITE ACADEMY - E. WARM SPRINGS;CENTER;1137-18;Active;09/30/2019;No;680 E. WARM SPRINGS RD;NV;LAS VEGAS;89119;702-616-9550;11/01/2013;STEPHANIE ALDAN;Director;CLARK
LA PETITE ACADEMY - HARBOR ISLAND;CENTER;991-18;Active;10/31/2019;No;2121 HARBOR ISLAND DR;NV;LAS VEGAS;89128;702-255-5657;11/01/2013;DEANNE MCMAHAN;Person in Charge;CLARK
LA PETITE ACADEMY - PECOS;CENTER;246-18;Active;06/30/2019;No;76 N. PECOS RD;NV;HENDERSON;89074;702-897-0171;07/01/2014;DARA STUBBS;Director;CLARK
LA PETITE ACADEMY - SIMMONS;CENTER;536-19;Active;02/28/2020;No;4425 SIMMONS ST;NV;NORTH LAS VEGAS;89031;702-638-7862;05/01/2017;EMILY HOOKS;Director;CLARK
LA PETITE ACADEMY - TECH CENTER;CENTER;1041-19;Active;01/31/2020;No;2401 TECH CENTER CT;NV;LAS VEGAS;89128;702-233-1077;02/01/2014;STEPAHNIE ALDAN;Other;CLARK
LA PETITE ACADEMY - W. WARM SPRINGS;CENTER;528-19;Active;12/31/2019;No;1551 W. WARM SPRINGS RD;NV;HENDERSON;89014;702-451-2660;01/01/2015;CRIS YEPEZ;Director;CLARK
LADYBUGS DAY CARE;FAMILY CARE;2016-18;Active;07/31/2019;N/A;680 ANN WAY;NV;GARDNERVILLE;89460;775-901-2091;08/04/2016;TIFFANY WATSON;Owner;DOUGLAS
LAKE MEAD CHRISTIAN ACADEMY (NORTH CAMPUS);CENTER;2027-18;Active;07/31/2019;N/A;655 E LAKE MEAD PARKWAY;NV;HENDERSON;89015;702-565-5831;08/17/2016;THERESA HEHN;Director;CLARK
LAKE MEAD CHRISTIAN ACADEMY - EARLY EDUCATION;CENTER (PROVISIONAL);788-17;Active;08/31/2018;No;540 E. LAKE MEAD PKWY;NV;HENDERSON;89015;565-583-1155;10/01/2015;LEAH WHITEHEAD;Director;CLARK
LANDER COUNTY KIDS CLUB PRESCHOOL;CENTER (PROVISIONAL);2028-17;Active;09/30/2018;N/A;150 W. THIRD ST.;NV;BATTLE MOUNTAIN;89820;775-635-9288;10/26/2016;CHRISTIAN WOODS;Director;LANDER
LAS VEGAS ATHLETIC CLUB - DECATUR;ACCOMMODATION;1488-19;Active;04/30/2020;No;6050 N. DECATUR BLVD;NV;NORTH LAS VEGAS;89031;702-734-8944;05/01/2017;SARA PROKO;Person in Charge;CLARK
LAS VEGAS ATHLETIC CLUB - E. FLAMINGO;ACCOMMODATION;1255-19;Active;01/31/2020;No;3830 E. FLAMINGO RD;NV;LAS VEGAS;89121;702-734-8944;02/01/2016;SARA PALLUCK;Person in Charge;CLARK
LAS VEGAS ATHLETIC CLUB - EASTERN;ACCOMMODATION;1257-19;Active;01/31/2020;No;9065 S. EASTERN AVE;NV;LAS VEGAS;89123;702-853-5848;02/01/2015;SARA PROKO;Person in Charge;CLARK
LAS VEGAS ATHLETIC CLUB - MARYLAND PKWY;ACCOMMODATION;1256-19;Active;01/31/2020;No;2655 S. MARYLAND PKWY;NV;LAS VEGAS;89109;702-894-4225;04/01/2017;SARA PROKO;Person in Charge;CLARK
LAS VEGAS ATHLETIC CLUB - RAINBOW;ACCOMMODATION;954-18;Active;08/31/2019;No;1725 N. RAINBOW BLVD;NV;LAS VEGAS;89108;702-835-5822;09/01/2015;SARA PROKO;Person in Charge;CLARK
LAS VEGAS ATHLETIC CLUB - SAHARA;ACCOMMODATION;1013-19;Active;12/31/2019;No;5200 W. SAHARA AVE;NV;LAS VEGAS;89146;702-364-5822;03/16/2015;SARA PROKO;Person in Charge;CLARK
LAS VEGAS ATHLETIC CLUB - W. FLAMINGO;ACCOMMODATION;1258-18;Active;05/31/2019;No;9615 W. FLAMINGO RD;NV;LAS VEGAS;89147;702-853-6655;06/01/2016;SARA PALLUCK;Person in Charge;CLARK
LAS VEGAS CHINESE SCHOOL;CENTER;1388-19;Active;12/31/2019;No;6284 SPRING MOUNTAIN RD;NV;LAS VEGAS;89146;702-476-9888;01/01/2017;HSIAO-CHIN (CATHY) ENDY;Director;CLARK
LAS VEGAS DAY SCHOOL;CENTER;1126-18;Active;07/31/2019;No;3275 RED ROCK ST;NV;LAS VEGAS;89146;702-362-1180;08/01/2017;NEIL DASELER;Director;CLARK
LEAP INTO LEARNING;CENTER;1295-19;Active;11/30/2019;No;6395 E. RUSSELL RD;NV;LAS VEGAS;89122;702-256-5327;02/01/2015;JAMIE STEVENS;Director;CLARK
LEARNING JUNGLE LONE MOUNTAIN;CENTER;2236-19;Active;04/30/2020;N/A;6863 W LONE MOUNTAIN RD;NV;LAS VEGAS;89108;702-395-7333;05/12/2017;ALYSHA MCCORD;Director;CLARK
LEARNING LADDER;CENTER;1221-18;Active;09/30/2019;No;4550 GRASS VALLEY ROAD;NV;WINNEMUCCA;89445;775-623-9006;11/01/2015;HEATHER FRYDENDALL;Director;HUMBOLDT
LEE LEE'S BUSY BEES FAMILY CHILD CARE;GROUP CARE;2420-19;Active;01/31/2020;N/A;6609 FORT WILLIAM ST;NV;NORTH LAS VEGAS;89084;;02/13/2018;CARMALIETHA ALLEN-WARD;Person in Charge;CLARK
LEOPARD CUBS PRESCHOOL;CENTER (PROVISIONAL);1407-18;Active;08/31/2019;No;1378 LAKE AVENUE;NV;WELLS;89835;775-752-2345;09/01/2015;SUSAN DUFFY;Director;ELKO
LIFE TIME ATHLETIC;ACCOMMODATION (PROVISIONAL);1316-18;Active;04/30/2019;No;10721 W. CHARLESTON BLVD;NV;LAS VEGAS;89135;702-228-2611;08/01/2016;ANITA HEUYARD;Director;CLARK
LIFE TIME ATHLETIC - GREEN VALLEY;ACCOMMODATION;1464-19;Active;10/31/2019;No;121 CARNEGIE ST;NV;HENDERSON;89074;702-802-7351;01/01/2017;LEANNE FELL;Director;CLARK
LIGHTHOUSE ACADEMY;CENTER;682-18;Active;07/31/2019;No;2520 W. HORIZON RIDGE PKWY., STE 10;NV;HENDERSON;89052;702-616-6767;09/01/2015;MARY WATANABE;Other;CLARK
LIL' RASCALS HOME DAYCARE L.L.C.;GROUP CARE;1919-19;Active;01/31/2020;No;2163 SABRINAS WAY;NV;FALLON;89406;775-427-7594;02/02/2016;CAROLYNNE DANIELS;Person in Charge;CHURCHILL
LITTLE BUDDIES SCHOOL-HOUSE;FAMILY CARE;422-18;Active;10/31/2019;No;1903 ALLEN GROVE COURT;NV;HENDERSON;89074;702-456-7905;11/01/2013;DOLORES VARGAS;Person in Charge;CLARK
LITTLE DISCOVERIES EARLY LEARNING CENTER;CENTER;1502-18;Active;08/31/2019;No;1671 HWY 395;NV;MINDEN;89423;775-392-4244;09/01/2015;WENDY SINGER;Director;DOUGLAS
LITTLE FEET DAYCARE;CENTER (PROVISIONAL);2228-17;Active;09/30/2018;N/A;806 RANDELL DR.;NV;CARSON CITY;89701;307-840-1197;10/31/2017;TERESA GATENBEIN;Owner;CARSON CITY
LITTLE GENIUS;GROUP CARE;2056-19;Active;07/31/2019;N/A;1372 HAVEN GREEN CT;NV;HENDERSON;89012;702-708-3320;08/17/2016;ELVIRA WEINTRAUB;Owner;CLARK
LITTLE GENIUS LEARNING ACADEMY;CENTER;2597-19;Active;03/31/2020;N/A;5355 W OAKEY BLVD;NV;LAS VEGAS;89146;818-261-7393;04/04/2019;SAMVEL GEVORGYAN;Owner;CLARK
LITTLE GRUBBIES;FAMILY CARE;1127-19;Active;12/31/2019;No;9037 UNION GAP RD;NV;LAS VEGAS;89123;702-897-6420;01/01/2016;AMY MORGAN;Owner;CLARK
LITTLE HEARTS CHILD CARE;CENTER;1370-18;Active;08/31/2019;No;5055 S. DUNEVILLE ST;NV;LAS VEGAS;89118;702-433-2825;11/01/2015;LOUIZA NACER;Director;CLARK
LITTLE HOUSE DAY SCHOOL;CENTER;414-18;Active;08/31/2019;No;2300 HARRIGAN ROAD;NV;FALLON;89406;775-423-4148;09/01/2015;MICHELLE PEARCE;Director;CHURCHILL
LITTLE LAMBS OF GOD;CENTER;953-18;Active;08/31/2019;No;6220 N. JONES BLVD;NV;LAS VEGAS;89130;702-645-5229;09/01/2017;RITA PURSWELL;Director;CLARK
LITTLE LAMBS PRESCHOOL MINISTRY IN BC;CENTER;557-19;Active;08/31/2019;No;1401 FIFTH ST;NV;BOULDER CITY;89005;702-293-4332;04/01/2017;JESSICA STETSON;Person in Charge;CLARK
LITTLE PEOPLE'S EARLY HEAD START;CENTER;583-19;Active;12/31/2019;No;435 SOUTH 13TH STREET;NV;ELY;89301;775-289-6113;02/01/2015;CASSIE CARLSTROM;Other;WHITE PINE
LITTLE PEOPLE'S HEAD START;CENTER;40-19;Active;12/31/2019;No;435 SOUTH 13TH STREET;NV;ELY;89301;775-289-6113;02/01/2015;CASSIE CARLSTROM;Other;WHITE PINE
LITTLE PEOPLES IN HOME;FAMILY CARE;1278-19;Active;03/31/2020;No;3757 LONGFELLOW ST;NV;LAS VEGAS;89115;702-651-6200;05/01/2017;DESIREE DEVANEY;Person in Charge;CLARK
LITTLE RED CABOOSE;CENTER;1406-18;Active;08/31/2019;No;552 8TH STREET;NV;CARLIN;89822;775-754-6317;10/01/2015;WHITNEY ARMSTRONG;Director;ELKO
LITTLE ROUND UP PRESCHOOL & DAY CARE CENTER;CENTER;1058-19;Active;03/31/2020;No;3700 VEGAS DR;NV;LAS VEGAS;89108;702-648-6655;04/01/2016;SHAMALI SEDERA;Director;CLARK
LITTLE SPROUT DAY CARE;FAMILY CARE;2222-18;Active;05/31/2019;N/A;3135 FLORENTINE DR;NV;CARSON CITY;89701;619-746-2485;06/16/2017;MARIA ARREOLA;Person in Charge;CARSON CITY
LITTLE STAR ACADEMY AND CHILDCARE LLC;CENTER;2111-19;Active;10/31/2019;N/A;1081 S. MT. CHARLESTON DRIVE;NV;PAHRUMP;89048;702-521-0620;10/25/2017;LUALHATI MERCADO RAZON;Director;NYE
LITTLE STARS DAYCARE;FAMILY CARE;2384-19;Active;03/31/2020;N/A;7816 MEADOWROBIN AVE;NV;LAS VEGAS;89131;702-539-9475;03/29/2019;RAINBOW CONN;Owner;CLARK
LITTLE STEPS EARLY LEARNING ACADEMY;GROUP CARE;2132-19;Active;01/31/2020;N/A;2620 TIMID TIGER AVE;NV;NORTH LAS VEGAS;89086;702-324-8141;02/13/2017;KIMBER WRIGHT-FAIRMAN;Owner;CLARK
LITTLE TIMBERS ACADEMY;CENTER;1467-19;Active;12/31/2019;No;151 E PARK ST;NV;CARSON CITY;89703;775-841-2223;01/01/2015;PIA WOOD;Owner;CARSON CITY
LITTLE TIMBERS ACADEMY - HOT SPRINGS;CENTER;2283-18;Active;08/31/2019;N/A;1987 HOT SPRINGS ROAD;NV;CARSON CITY;89701;775-885-7527;09/14/2017;CAROL STROBLE;Director;CARSON CITY
LITTLEFOOT FAMILY CHILD CARE;FAMILY CARE;2579-18;Active;10/31/2019;N/A;1707 PALOMA AVE;NV;LAUGHLIN;89029;702-420-1003;11/02/2018;ARACELY OCEGEURA;Person in Charge;CLARK
LOVE LAUGH AND LEARN;FAMILY CARE;2553-18;Active;07/31/2019;N/A;243 CORRAL DR.;NV;DAYTON;89403;;08/30/2018;BRITTANY RYAN;Owner;LYON
LUCKY KIDS DAYCARE;CENTER;2127-19;Active;12/31/2019;N/A;3153 SOUTH EASTERN AVE;NV;LAS VEGAS;89169;818-824-0329;01/19/2017;ROCIO TARAMONA;Owner;CLARK
LVVWD CARE AND EDUCATION;CENTER;891-18;Active;06/30/2019;No;853 S. VALLEY VIEW BLVD;NV;LAS VEGAS;89153;702-822-8550;03/01/2017;TRACY ORBAN;Director;CLARK
MAGIC CARPET PRESCHOOL;CENTER;41-19;Active;08/31/2019;No;108 W. MINERAL DRIVE;NV;ELY;89301;775-289-3732;10/01/2015;NATALIE ORTON;Director;WHITE PINE
MARSHA'S MINI SCHOOL - COYOTE KIDS;CENTER;169-18;Active;09/30/2019;No;1021 GREENWAY RD BUILDING #1&2;NV;HENDERSON;89002;702-565-1950;10/01/2017;MARSHA JEFFERIES;Director;CLARK
MARY'S LIL DAYCARE;FAMILY CARE;920-18;Active;07/31/2019;No;5217 SUN GEM CT;NV;LAS VEGAS;89130;702-655-6094;08/01/2016;MARY GOODSPEED;Director;CLARK
MATER PRE-K ACADEMY;CENTER;1509-18;Active;08/31/2019;No;3445 MOUNTAIN VISTA;NV;LAS VEGAS;89121;702-379-2736;06/01/2017;AMY RIVERA;Director;CLARK
MATER PRE-K ACADEMY - BONANZA;CENTER;2326-18;Active;07/31/2019;N/A;4760 EAST BONANZA ROAD;NV;LAS VEGAS;89110;702-431-6260;08/25/2017;RENEE & AMY FAIRLESS & RIVERA;Director;CLARK
MCCARRAN INTERNATIONAL CHILD DEVELOPMENT CENTER;CENTER (PROVISIONAL);1970-18;Active;10/31/2019;N/A;1788 LANDING STRIP AVE.;NV;LAS VEGAS;89119;702-436-3000;06/01/2017;NICOLAS DELBASO;Owner;CLARK
MERRYHILL PRESCHOOL - ALTA;CENTER;925-18;Active;07/31/2019;No;10050 ALTA DR;NV;LAS VEGAS;89145;702-221-6337;08/01/2015;LISA FITZGERALD;Director;CLARK
MERRYHILL PRESCHOOL - DURANGO;CENTER;1129-18;Active;07/31/2019;No;5055 S. DURANGO DR;NV;LAS VEGAS;89113;702-252-3945;08/01/2016;MARIA ZACCHEO;Director;CLARK
MERRYHILL PRESCHOOL - GRAND TETON;CENTER;886-19;Active;05/31/2019;No;7605 GRAND TETON;NV;LAS VEGAS;89131;702-645-1814;06/01/2015;DEBORAH GEISLER;Director;CLARK
MERRYHILL PRESCHOOL - SNOW TRAIL;CENTER;967-18;Active;09/30/2019;No;2150 SNOW TRAIL;NV;LAS VEGAS;89134;702-242-3230;10/01/2016;JAMI YINGLING;Director;CLARK
MERRYHILL PRESCHOOL - WINDMILL;CENTER;413-18;Active;08/31/2019;No;2150 WINDMILL PKWY;NV;HENDERSON;89014;702-896-0781;09/01/2016;MELODY LUTHER;Director;CLARK
MESQUITE LUTHERAN CHILD CARE CENTER;CENTER;813-18;Active;07/31/2019;No;450 TURTLEBACK RD;NV;MESQUITE;89027;702-346-3954;08/01/2014;JOANNE ANDERSON;Director;CLARK
MIDBAR KODESH TEMPLE EARLY CHILDHOOD CENTER;CENTER;624-18;Active;07/31/2019;No;1940 PASEO VERDE PKWY;NV;HENDERSON;89012;702-454-4848;10/01/2015;WENDY ROSELINSKY;Director;CLARK
MIMI HOME DAYCARE;GROUP CARE;2265-18;Active;05/31/2019;N/A;8741 HARVEST VALLEY AVENUE;NV;LAS VEGAS;89129;702-360-2268;06/08/2017;CHERYL MCDAVID;Owner;CLARK
MIRABELLI COMMUNITY CENTER;CENTER;1026-19;Active;03/31/2020;No;6200 HARGROVE AVE;NV;LAS VEGAS;89107;702-229-6359;04/01/2013;BRIDGET THOMAS;Director;CLARK
MISS ANNIE'S GROUP CARE;GROUP CARE;974-18;Active;09/30/2019;No;5704 ALTA DR;NV;LAS VEGAS;89107;702-822-1679;10/01/2016;REBECCA MALLET;Person in Charge;CLARK
MISS LORI'S PRESCHOOL;FAMILY CARE;1110-19;Active;08/31/2019;No;11013 NAPA RIDGE DR;NV;LAS VEGAS;89144;702-228-6532;12/01/2016;LORI ZENQUIS;Owner;CLARK
MISS MARSHA'S MINI SCHOOL LLC;CENTER;798-19;Active;12/31/2019;No;596 OLDHAM AVE;NV;HENDERSON;89014;702-458-4566;01/01/2016;JOSEPHINE FALCONE;Director;CLARK
MITTIE IN HOME FAMILY CARE;FAMILY CARE;989-18;Active;10/31/2019;No;3113 BUDDING BLOSSOM CT;NV;LAS VEGAS;89108;702-240-0403;11/01/2013;CHERYL POLK;Person in Charge;CLARK
MOJAVE SPRINGS SCHOOL;CENTER;2253-18;Active;07/31/2019;N/A;1951 S. RAINBOW BLV;NV;LAS VEGAS;89146;702-870-3185;08/14/2017;JACQUELYN TRUMBULL;Person in Charge;CLARK
MOMMY'S ANGELS CHILDCARE;CENTER;2632-19;Active;04/30/2020;N/A;4270 S RAINBOW BLVD;NV;LAS VEGAS;89103;714-600-3241;05/01/2019;DARINE & NESRINE FARRAJ & ABELLA;Owner;CLARK
MONTESSORI HOUSE OF CHILDREN;FAMILY CARE;1042-19;Active;01/31/2020;No;125 CLIFTON HEIGHTS;NV;LAS VEGAS;89145;702-562-2647;02/01/2014;JAYANTHA WICKRAMATILLAKE;Owner;CLARK
MONTESSORI VISIONS ACADEMY - SUNSET;CENTER;1282-18;Active;10/31/2019;No;3551 E. SUNSET RD;NV;LAS VEGAS;89120;702-451-9801;09/29/2016;LORI BOSSY;Director;CLARK
MONTESSORI VISIONS ACADEMY - WARM SPRINGS;CENTER;1468-19;Active;12/31/2019;No;1905 E. WARM SPRINGS RD;NV;LAS VEGAS;89119;702-433-2287;01/05/2015;LORI BOSSY;Director;CLARK
MOUNTAIN HEIGHTS MONTESSORI;CENTER;1371-18;Active;07/31/2019;No;3412 S. DECATUR BLVD;NV;LAS VEGAS;89102;702-475-8348;08/01/2014;LANA STRONG;Director;CLARK
MOUNTAIN VIEW CHRISTIAN PRESCHOOL;CENTER;882-18;Active;05/31/2019;No;3900 E. BONANZA RD;NV;LAS VEGAS;89110;702-452-1300;06/01/2014;KELSEY NELLIS;Director;CLARK
MOUNTAIN VIEW LUTHERAN PRESCHOOL;CENTER;1038-19;Active;01/31/2020;No;9550 W. CHEYENNE AVE;NV;LAS VEGAS;89129;702-233-9323;11/01/2016;DONNA EINSPAHR;Director;CLARK
MRS. PAM'S GROUP CHILD CARE;GROUP CARE;2549-18;Active;10/31/2019;N/A;1316 CACTUS GROVE COURT;NV;NORTH LAS VEGAS;89084;702-399-5315;11/01/2018;PAMELA HANK;Owner;CLARK
MS. GAYLE'S LITTLE SCHOOL;FAMILY CARE;1227-18;Active;07/31/2019;No;4502 PALM MESA DR;NV;LAS VEGAS;89120;702-434-4305;08/01/2015;GAYLE MARIE THOMSEN;Owner;CLARK
MY LITTLE MARGIES;CENTER;1066-19;Active;04/30/2020;No;3707 W. VEGAS DR;NV;LAS VEGAS;89108;702-646-1133;04/19/2016;NILANTHI PANIKKAR;Director;CLARK
MY LITTLE MONSTERS;FAMILY CARE;2164-18;Active;08/31/2019;N/A;1316 RAELINE LN;NV;MINDEN;89423;775-232-9720;09/22/2017;KIMBERLY OREN;Person in Charge;DOUGLAS
NAE NAE'S APPLE SEEDS;GROUP CARE;2428-18;Active;04/30/2019;N/A;3728 BEACON POINT STREET;NV;LAS VEGAS;89129;702-428-7471;05/10/2018;RENAE MOORE;Owner;CLARK
NANCY'S HOUSE DAYCARE;GROUP CARE;746-19;Active;12/31/2019;No;350 CAMBRIDGE COURT;NV;CARSON CITY;89701;775-287-0049;01/01/2015;NANCY DAVIS;Person in Charge;CARSON CITY
NCA LEARNING CENTER;CENTER;2128-19;Active;11/30/2019;N/A;3435 LINDELL ROAD;NV;LAS VEGAS;89146;702-290-9936;02/22/2017;YUYING FAN;Director;CLARK
NEW HORIZONS ACADEMY PRESCHOOL;CENTER;932-18;Active;07/31/2019;No;6701 W. CHARLESTON BLVD;NV;LAS VEGAS;89146;702-880-7594;08/01/2014;ARLENE AMBRIZ QUEVEDO;Director;CLARK
NEW SONG CHRISTIAN ACADEMY;CENTER;938-18;Active;07/31/2019;No;1291 CORNET AVE;NV;HENDERSON;89052;702-492-1771;08/01/2015;JACQUELINE ANNE;Director;CLARK
NOAH'S ARK;CENTER;2572-18;Active;09/30/2019;N/A;1737 SEWELL DR;NV;ELKO;89801;775-738-9155;10/01/2018;CRISTINA GIAMMALVA;Director;ELKO
NOAH'S LITTLE ARK;GROUP CARE;2216-19;Active;04/30/2020;N/A;3509 SAPPHIRE SEA CT;NV;NORTH LAS VEGAS;89031-7288;702-562-9252;05/10/2017;BLONDELL JOHNSON;Person in Charge;CLARK
NORTHSHORE LEARNING TREE;CENTER;1052-19;Active;02/28/2020;No;7901 W. GOWAN RD;NV;LAS VEGAS;89129;702-396-7011;04/01/2014;ANN FRIARY;Director;CLARK
OAKLANE PRESCHOOL ACADEMY;CENTER;009-18;Active;08/31/2019;No;1308 WYOMING ST;NV;BOULDER CITY;89005;702-293-5188;02/01/2016;CAROLE GORDON;Director;CLARK
OUR LADY OF LAS VEGAS;CENTER;1051-18;Active;02/28/2019;No;3046 ALTA DR;NV;LAS VEGAS;89107;702-802-2323;03/01/2016;DARLA BOLEKY;Other;CLARK
PAHRUMP COMMUNITY CHURCH PRESCHOOL;CENTER;116-19;Active;01/31/2020;No;1061 E. WILSON RD;NV;PAHRUMP;89048;775-727-5384;11/01/2016;JULIE CARRINGTON;Director;NYE
PARADISE PARK RECREATION CENTER;CENTER;1166-18;Active;03/31/2019;No;4775 MCLEOD DR;NV;LAS VEGAS;89121;702-455-7513;02/01/2016;SHARON STEELE;Person in Charge;CLARK
PEACE GARDEN CHILDCARE;CENTER;2463-18;Active;07/31/2019;N/A;5447 S. RAINBOW BLVD.;NV;LAS VEGAS;89118;702-508-1315;08/31/2018;NYDIA SANCHEZ;Owner;CLARK
PEAS AND CARROTS CHILD CARE;FAMILY CARE;714-18;Active;06/30/2019;No;280 WAGON WHEEL ROAD;NV;DAYTON;89403;775-241-0722;07/01/2015;MARY ROCHA;Person in Charge;LYON
PEGGY'S CHILDCARE;FAMILY CARE;1444-18;Active;07/31/2019;No;8116 CALICO WIND ST;NV;LAS VEGAS;89131;702-232-7123;09/01/2015;PEGGY PETER;Person in Charge;CLARK
PLAYING IS LEARNING;GROUP CARE;1947-19;Active;10/31/2019;N/A;5459 MOUNTAIN VISTA ST;NV;LAS VEGAS;89120;702-834-6424;11/04/2016;ESTUARDO GASCA;Director;CLARK
PLAYSCHOOL AT TIFFANY'S;FAMILY CARE;554-18;Active;07/31/2019;No;805 ADAGIO ST;NV;HENDERSON;89052;702-454-2536;08/01/2015;STACEY HAFNER;Owner;CLARK
POOH KORNER - WEST;FAMILY CARE;956-18;Active;08/31/2019;No;7504 BARBIE AVE;NV;LAS VEGAS;89131;702-395-7902;09/01/2013;ANNELIES DAVIS;Director;CLARK
RAINBOW DAYCARE;GROUP CARE;2118-19;Active;01/31/2020;N/A;6975 O'BANNON DRIVE;NV;LAS VEGAS;89117;702-724-0314;02/17/2017;ALENA TSYBULSKAYA;Person in Charge;CLARK
RHODES RANCH KINDERCARE;CENTER;2551-19;Active;12/31/2019;N/A;7380 S BUFFALO DR;NV;LAS VEGAS;89113;702-382-0071;01/01/2019;SHELLY BOLOOR;Director;CLARK
RISING STAR PRESCHOOL AND CHILDCARE;CENTER;1473-19;Active;01/31/2020;No;8889 S. EASTERN AVE., STE 160;NV;LAS VEGAS;89123;702-209-2781;02/01/2015;TINA SHAPLEY;Director;CLARK
RISING STAR PRESCHOOL AND CHILDCARE - HORIZON;CENTER;2438-19;Active;03/31/2020;N/A;300 EAST HORIZON DRIVE;NV;HENDERSON;89015;702-566-1966;04/27/2018;TINA FOX;Owner;CLARK
"ROBERT E ""BOB"" PRICE RECREATION CENTER";CENTER;1349-19;Active;10/31/2019;No;2050 BONNIE LANE;NV;LAS VEGAS;89156;702-455-7600;11/01/2013;ROBYN MOODY;Person in Charge;CLARK
ROBIN'S NEST;CENTER;1367-18;Active;05/31/2019;No;510 E. JOHN STREET;NV;CARSON CITY;89706;775-883-6766;07/01/2015;HEATHER GORBY;Director;CARSON CITY
ROOTS AND WINGS;CENTER;604-19;Active;12/31/2019;No;236 KINGSBURY GRADE;NV;STATELINE;89449;775-586-7271;01/01/2015;MICHELE MARTINEZ;Director;DOUGLAS
ROOTS AND WINGS DAYCARE;FAMILY CARE;973-18;Active;09/30/2019;No;68 LOGAN ST;NV;LAS VEGAS;89110;702-459-0704;10/01/2013;LAURIE CIARDULLO;Owner;CLARK
SCF EHS CITY IMPACT;CENTER;2339-19;Active;01/31/2020;N/A;950 E. ST. LOUIS AVE;NV;LAS VEGAS;89104;702-724-0557;02/07/2018;PAMELA MCCARRY;Director;CLARK
SEKURITIE CHILD CARE;FAMILY CARE;1383-18;Active;10/31/2019;No;7644 DOVE CANYON ST;NV;LAS VEGAS;89123;702-361-5822;12/01/2017;RONNECE BRIGHT;Person in Charge;CLARK
SETON ACADEMY WEST;CENTER;1972-19;Active;04/30/2020;N/A;3801 N. CAMPBELL ROAD;NV;LAS VEGAS;89129;702-233-2069;07/01/2016;FELEICIA WALKER;Director;CLARK
SETON ACADEMY, INC.;CENTER;1991-18;Active;05/31/2019;N/A;9975 PLACID STREET;NV;LAS VEGAS;89183;702-736-4246;06/01/2016;MARY & SANDRA EREKSON & CRAMER;Other;CLARK
SHADOW HILLS PRESCHOOL;CENTER;1055-19;Active;03/31/2020;No;7811 VEGAS DR;NV;LAS VEGAS;89128;702-360-3550;05/02/2016;KRISTINE SPIVEY;Director;CLARK
SHELLY BELLIES DAY CARE;CENTER;1334-18;Active;07/31/2019;No;2210 LONE MOUNTAIN DRIVE;NV;CARSON CITY;89706;775-883-2627;08/01/2015;MICHELLE AYRAULT;Director;CARSON CITY
SHEPHERD OF THE HILLS LUTHERAN;CENTER;2556-19;Active;12/31/2019;N/A;6520 N. DAPPLE GRAY ROAD;NV;LAS VEGAS;89149;702-722-3071;01/10/2019;JESSIE STIBB;Director;CLARK
SIERRA VISTA CHILDREN'S ACADEMY;CENTER;745-19;Active;12/31/2019;No;503 E. TELEGRAPH STREET;NV;CARSON CITY;89701;775-883-5248;02/01/2015;WENDY VAN WORTH;Director;CARSON CITY
SMALL BLESSINGS PRESCHOOL;CENTER;742-19;Active;12/31/2019;No;212 N. DIVISION STREET;NV;CARSON CITY;89703;775-884-1600;11/01/2015;ALLISON COOPER;Director;CARSON CITY
SMALL WONDERS PRESCHOOL AND CHILD CARE;GROUP CARE;1512-18;Active;11/30/2019;No;460 ARON COURT;NV;WINNEMUCCA;89445;775-722-2247;11/01/2015;SYNTHIA KENISON;Person in Charge;HUMBOLDT
SMART START PRESCHOOL;FAMILY CARE;1332-18;Active;07/31/2019;No;10320 HIGHBRIDGE CT;NV;LAS VEGAS;89166;702-255-5629;08/01/2013;KIMBERLI CECIL;Owner;CLARK
SMOKY VALLEY CHILD CARE;CENTER;1294-18;Active;11/30/2019;No;40 ELECTRUM DRIVE;NV;ROUND MOUNTAIN;89045;775-377-3333;06/01/2015;NICOLE MANIRE;Director;NYE
SOMA'S DAY CARE;FAMILY CARE;993-18;Active;10/31/2019;No;4241 THUNDER TWICE ST;NV;LAS VEGAS;89129;702-562-1793;11/01/2013;SOMA ABEYGUNAWARDANA;Owner;CLARK
SOURCE ACADEMY AND EARLY LEARNING CENTER;CENTER;2073-19;Active;12/31/2019;N/A;10 N. 28TH ST.;NV;LAS VEGAS;89101;702-386-1006;01/20/2017;TOYYA LOZANO;Owner;CLARK
SOURCE ACADEMY AND EARLY LEARNING CENTER - CIMARRON;CENTER;2485-18;Active;06/30/2019;N/A;7511 N. CIMARRON RD;NV;LAS VEGAS;89131;702-538-7788;06/28/2018;TOYYA LOZANO;Owner;CLARK
SOUTHERN HIGHLANDS PREPARATORY SCHOOL;CENTER;1132-19;Active;02/28/2020;No;11500 SOUTHERN HIGHLANDS PKWY;NV;LAS VEGAS;89141;702-617-1184;03/01/2012;THELMALINA JACKSON;Director;CLARK
SPRING VALLEY MONTESSORI;CENTER;1180-19;Active;03/31/2020;No;6940 EDNA AVE;NV;LAS VEGAS;89117;702-362-9739;01/01/2016;JESUSA ALCANTARA;Director;CLARK
SPRINGSTONE LAKES MONTESSORI SCHOOL;CENTER;1400-18;Active;06/30/2019;No;2750 LAKE SAHARA DR;NV;LAS VEGAS;89117;702-255-4440;07/01/2014;RACHELLE THOMPSON;Person in Charge;CLARK
SPRINGSTONE MONTESSORI SCHOOL;CENTER;1133-19;Active;01/31/2020;No;7373 MONTESSOURI ST;NV;LAS VEGAS;89113;702-450-1010;02/01/2014;ULRIKE FAVATA;Director;CLARK
ST. ANNE CATHOLIC SCHOOL;CENTER;1036-18;Active;07/31/2019;No;1813 S. MARYLAND PKWY;NV;LAS VEGAS;89104;702-735-2586;08/01/2015;RITA HARRIS;Director;CLARK
ST. GABRIEL LITTLEST ANGELS CATHOLIC PRESCHOOL;CENTER;1552-18;Active;09/30/2019;No;2250 E. MAULE AVE;NV;LAS VEGAS;89119;702-361-5531;10/05/2016;PAM UFER;Director;CLARK
ST. JOHN'S ROOM TO GROW;CENTER;250-18;Active;07/31/2019;No;1170 S. TAYLOR STREET;NV;FALLON;89406;775-423-6325;08/01/2015;MONA TIMMONS;Director;CHURCHILL
ST. MARK LUTHERAN PRESCHOOL;CENTER;131-19;Active;12/31/2019;No;277 WILLOW;NV;ELKO;89801;775-738-4750;01/01/2015;BERTHA PFEIFER;Director;ELKO
ST. TERESA OF AVILA CHILD DEVELOPMENT CENTER;CENTER;937-18;Active;07/31/2019;No;567 S. RICHMOND AVE;NV;CARSON CITY;89703;775-283-0261;08/01/2015;LAURA SUPKO;Director;CARSON CITY
ST. VIATOR CATHOLIC SCHOOL;CENTER;1466-19;Active;11/30/2019;No;4320 CHANNEL 10 DR;NV;LAS VEGAS;89120;702-732-4477;06/01/2015;SUSAN CRAME;Director;CLARK
STAR ACADEMY CHILD CARE, LLC;CENTER;1546-18;Active;04/30/2019;No;2560 N. GREEN VALLEY PKWY;NV;HENDERSON;89014;702-576-7942;07/01/2016;VERONICA JACKSON;Person in Charge;CLARK
STEPPING STONES ACADEMY;CENTER;2005-19;Active;05/31/2019;N/A;755 DARTMOUTH AVE;NV;LOVELOCK;89419;775-338-0538;06/03/2016;JENNIFER MONTES;Owner;PERSHING
STEPPING STONES CHILDREN'S ACADEMY;CENTER;2013-18;Active;07/31/2019;N/A;720 RANCHO DEL NORTE;NV;NORTH LAS VEGAS;89031;702-462-9499;08/15/2016;SHERLYNNE OVERBY;Person in Charge;CLARK
STEPPING STONES CHILDREN'S ACADEMY- WARM SPRINGS;CENTER;2377-18;Active;04/30/2019;N/A;1655 EAST WARM SPRINGS RD;NV;LAS VEGAS;89119;702-489-8481;05/22/2018;SHERRY GIGLIOTTI;Director;CLARK
STONE BRIDGE LEARNING ACADEMY;CENTER;2484-18;Active;06/30/2019;N/A;1951 S RAINBOW BLVD;NV;LAS VEGAS;89146;951-575-5949;07/13/2018;KRISTA NICHOLAS;Director;CLARK
SUMITHRA CHILD CARE;FAMILY CARE;1448-18;Active;08/31/2019;No;7992 W. QUAIL AVE;NV;LAS VEGAS;89113;702-617-2222;09/01/2016;SUMITHRA KALUTOTAGE;Owner;CLARK
SUNFLOWER LEARNING CENTER;CENTER;1940-19;Active;02/28/2020;N/A;1311 CENTERVILLE LN;NV;GARDNERVILLE;89410;775-782-8044;03/24/2016;CHRISTINA LINDSAY;Director;DOUGLAS
SUNRISE CHILDREN'S FOUNDATION EARLY HEAD START - BOULDER CIT;CENTER;1116-18;Active;08/31/2019;No;100 ST. JUDE ST;NV;BOULDER CITY;89005;702-293-9088;09/01/2016;TEESHA MCCARVER-CROSBY;Director;CLARK
SUNRISE CHILDREN'S FOUNDATION EARLY HEAD START - DESERT ROSE;CENTER;1348-19;Active;10/31/2019;No;602 W. BROOKS AVE;NV;NORTH LAS VEGAS;89030;702-731-8373;01/01/2017;ADELHEID NOTARO;Director;CLARK
SUNRISE CHILDREN'S FOUNDATION EARLY HEAD START - HENDERSON;CENTER;1302-19;Active;12/31/2019;No;501 HARRIS ST;NV;HENDERSON;89015;702-566-1336;01/01/2017;VICTORIA HERNANDEZ-ROMAN;Director;CLARK
SUNRISE CHILDREN'S FOUNDATION EARLY HEAD START - NORTH LAS V;CENTER;1513-19;Active;10/31/2019;No;3755 W. LAKE MEAD BLVD;NV;NORTH LAS VEGAS;89032;631-713-0226;01/01/2017;ADELHEID NOTARO;Director;CLARK
SUNRISE CHILDREN'S FOUNDATION EARLY HEAD START - NORTHWEST;CENTER;1101-18;Active;07/31/2019;No;3220 N. RAINBOW BLVD;NV;LAS VEGAS;89108;702-731-0183;08/01/2016;CONSTANCE TOMANENG;Director;CLARK
SUNRISE CHILDREN'S FOUNDATION EARLY HEAD START - SPRING VALL;CENTER;1288-19;Active;10/31/2019;No;2845 MOHAWK ST;NV;LAS VEGAS;89146;362-231-1137;01/01/2017;ULAINA FULLER;Director;CLARK
SUNRISE CHILDREN'S FOUNDATION EARLY HEAD START - WEST CAMPUS;CENTER;1318-19;Active;05/31/2019;No;614 W. JEFFERSON AVE;NV;LAS VEGAS;89106;702-636-2001;06/01/2016;NICOLE POBLETE;Director;CLARK
SUNRISE CHILDREN'S FOUNDATION EAST;CENTER;1937-19;Active;04/27/2020;N/A;549 LAMB BLVD.;NV;LAS VEGAS;89110;702-631-7130;05/01/2017;DIANA AREVALO;Director;CLARK
SUNRISE MONTESSORI HOUSE OF CHILDREN;GROUP CARE;1157-18;Active;07/31/2019;No;5834 W. OAKEY BLVD;NV;LAS VEGAS;89146;702-258-5881;12/21/2017;GRASHANTHI WIJEKULARATNE;Owner;CLARK
SUNSET MONTESSORI COMMUNITY;CENTER;1351-18;Active;10/31/2019;No;3525 E. SUNSET RD;NV;LAS VEGAS;89120;702-433-6044;12/08/2016;ANA MARTINEZ;Director;CLARK
SUNSHINE & RAINBOWS, INC .;CENTER;1956-19;Active;02/28/2020;N/A;1288 DRESSLERVILLE ROAD;NV;GARDNERVILLE;89460;775-265-2185;06/01/2016;LORIE CIRVES;Director;DOUGLAS
SUNSHINE ACADEMY PRE-SCHOOL;CENTER;1106-18;Active;11/30/2019;No;150 N. WILLOW ST;NV;MESQUITE;89027;346-393-9400;12/01/2013;JANEECE NOEL;Director;CLARK
SUNSHINE CHILD CARE;FAMILY CARE;1435-19;Active;04/30/2020;No;8233 STONEHEATHER CT;NV;LAS VEGAS;89117;702-262-5569;05/01/2014;SHAMALIE WIJEKULARATNE;Owner;CLARK
SUNSHINE CHILD CARE & PRESCHOOL;CENTER;444-18;Active;05/31/2019;No;110 S. TAYLOR STREET;NV;FALLON;89406;775-428-1543;06/01/2015;BARBARA VERDUGO;Director;CHURCHILL
SUNSHINE DAYCARE;FAMILY CARE;873-18;Active;05/31/2019;No;8017 CELEBREEZE CT;NV;LAS VEGAS;89145;702-341-6706;06/01/2016;GAYATHRI SHENOY;Director;CLARK
SUPER GENIUS SCHOOL;GROUP CARE;2102-18;Active;05/31/2019;N/A;2964 S BRONCO ST;NV;LAS VEGAS;89146;;06/01/2017;VELENA BARANOVA;Person in Charge;CLARK
SWEET CHILD OF MINE DAYCARE;FAMILY CARE;2294-18;Active;09/30/2019;N/A;1720 BLUE OAK CT.;NV;FERNLEY;89408;775-835-7505;10/25/2017;AMBER VAUGHT;Person in Charge;LYON
TAHOE DOUGLAS CHRISTIAN PRESCHOOL;CENTER;99-19;Active;11/30/2019;No;145 DAGGETT LANE;NV;STATELINE;89449;775-588-7450;07/01/2015;SARAH TRAN;Director;DOUGLAS
TAHOE MOUNTAIN ACADEMY;CENTER;2349-19;Active;01/31/2020;N/A;143 MICHELLE DRIVE;NV;STATELINE;89449;775-588-5437;02/07/2018;AVERI PEREIRA-LUIS;Director;DOUGLAS
TALENT BILINGUAL LEARNING CENTER, LLC;CENTER;1182-18;Active;06/30/2019;No;3790 REDWOOD ST;NV;LAS VEGAS;89103;702-456-8252;07/01/2015;CHAO HUNG CHEN;Director;CLARK
TEMPLE BETH SHOLOM PRESCHOOL;CENTER;1211-18;Active;09/30/2019;No;10700 HAVENWOOD LN;NV;LAS VEGAS;89135;702-804-1333;10/01/2016;JENNIFER ZUKOWSKI;Director;CLARK
TESS DAY CARE;FAMILY CARE;2210-18;Active;10/31/2019;N/A;112 E STREET;NV;HAWTHORNE;89415;;11/08/2017;TESS BARNETT;Person in Charge;MINERAL
THE ALEXANDER DAWSON SCHOOL EARLY CHILDHOOD EDUCATION CENTER;CENTER;1269-18;Active;07/31/2019;No;10845 W. DESERT INN RD;NV;LAS VEGAS;89135;949-360-0650;08/01/2016;AMANDA MURRAY-MUSGRAVE;Director;CLARK
THE DR. MIRIAM AND SHELDON G. ADELSON EDUCATIONAL INSTITUTE;CENTER;1075-19;Active;04/30/2019;No;9700 W. HILLPOINTE RD;NV;LAS VEGAS;89134;702-255-4500;05/01/2014;AMY NOVAK;Director;CLARK
THE GODDARD SCHOOL;CENTER;1350-19;Active;10/31/2019;No;2680 PECOS RIDGE PKWY;NV;HENDERSON;89052;702-566-0255;11/01/2016;GIA & KRISTINA SHAFER & AUBERT;Director;CLARK
THE HILLS PRESCHOOL;CENTER;1391-19;Active;01/31/2020;No;6565 SMOKE RANCH RD;NV;LAS VEGAS;89108;702-982-5439;03/01/2016;KATHY YODER-BASS;Director;CLARK
THE LEARNING HOUSE OF LAS VEGAS;CENTER;2418-19;Active;03/31/2020;N/A;10115 W. TWAIN AVE;NV;LAS VEGAS;89147;702-522-9952;04/26/2019;JENNIFER HARRINGTON;Owner;CLARK
THE LITTLE BARE'S IN THE FIELD CHILD CARE;FAMILY CARE;1225-18;Active;11/30/2019;No;4056 PISTACHIO NUT AVE;NV;LAS VEGAS;89115;702-272-0822;12/01/2017;BAREFIELD CHERESA;Person in Charge;CLARK
THE LITTLE EXPLORERS LLC;GROUP CARE (PROVISIONAL);2351-18;Active;01/31/2019;N/A;470 GYPSUM DRIVE;NV;SPRING CREEK;89815;505-488-8895;02/07/2018;KYLA HANNAH;Person in Charge;ELKO
THE LITTLE HOMESTEAD LEARNING CENTER;CENTER;987-18;Active;10/31/2019;No;1001 N. TONOPAH DR;NV;LAS VEGAS;89106;702-647-5712;01/01/2015;LOLANDA BUNCH-COOPER;Director;CLARK
THE MAGIC OF LEARNING;CENTER;1963-18;Active;08/31/2019;N/A;709 E HORIZON DRIVE;NV;HENDERSON;89015;702-568-1300;09/01/2017;TESS FIGUEROA;Director;CLARK
THE MEADOWS BEGINNING SCHOOL;CENTER;921-18;Active;07/31/2019;No;8601 SCHOLAR LN;NV;LAS VEGAS;89128;702-254-5220;08/01/2016;SARA CARLSON;Director;CLARK
THE PRESCHOOL AT SEVEN HILLS;CENTER;786-18;Active;08/31/2019;No;3051 W. HORIZON RIDGE PKWY;NV;HENDERSON;89052;702-836-0923;09/01/2015;TRACY LOPEZ;Director;CLARK
THE SHENKER ACADEMY;CENTER;879-18;Active;05/31/2019;No;9001 HILLPOINTE RD;NV;LAS VEGAS;89134;702-255-5437;07/01/2017;SHARON KNAFO;Director;CLARK
THE VENETIAN CHILD DEVELOPMENT CENTER;CENTER;1259-19;Active;12/31/2019;No;3355 S. LAS VEGAS BLVD;NV;LAS VEGAS;89109;702-414-5437;01/01/2015;MALEENI SINGH;Director;CLARK
TINKER TOWN LEARN & PLAY CENTER - SMOKE RANCH;CENTER;892-18;Active;06/30/2019;No;6200 SMOKE RANCH RD;NV;LAS VEGAS;89108;702-242-3222;03/01/2017;JACQUELYN CLARK;Person in Charge;CLARK
TINKER TOY DAY CARE;FAMILY CARE;1261-18;Active;05/31/2019;No;7446 POPPY HILLS CT;NV;LAS VEGAS;89113;702-823-4227;06/01/2017;VIVIAN HILL;Person in Charge;CLARK
TINY SPROUTS LEARNING CENTER;CENTER;2374-19;Active;11/30/2019;N/A;1212 ROOP ST;NV;CARSON CITY;89706;775-883-1515;12/21/2017;AUDREY FITCH;Person in Charge;CARSON CITY
TINY TLC CHILD CARE;GROUP CARE;1930-18;Active;02/28/2019;N/A;5909 IRIS AVE;NV;LAS VEGAS;89107;702-201-1154;03/22/2016;CHANTAI PETERSON;Person in Charge;CLARK
TINY TOES CHILD CARE;FAMILY CARE;1140-19;Active;10/31/2019;No;803 CHAPLETON CT;NV;LAS VEGAS;89178;702-251-7463;11/01/2015;CHRISTY WOLLIN;Owner;CLARK
TINY TOTS;GROUP CARE;964-18;Active;09/30/2019;No;6352 CLARICE AVE;NV;LAS VEGAS;89107;702-870-5282;10/01/2016;SHERYL HOWARD;Owner;CLARK
TIP TOP CHILD DEVELOPMENT CENTER;CENTER;2246-19;Active;07/31/2019;N/A;9175 S LAS VEGAS BLVD;NV;LAS VEGAS;89123;702-476-4698;08/02/2017;GINA & SUZANNAH SFERRA & KAMAU;Director;CLARK
TLC4KIDZ;FAMILY CARE;1179-19;Active;12/31/2019;No;8315 FLORINE AVE;NV;LAS VEGAS;89129;702-645-9510;01/01/2017;TAMARA CAMPBELL;Person in Charge;CLARK
TRINITY LUTHERAN PRESCHOOL AND CHILD CARE;CENTER;111-19;Active;02/28/2020;No;1480 DOUGLAS AVENUE;NV;GARDNERVILLE;89410;775-782-5437;03/01/2015;LAURA EDMONDS;Director;DOUGLAS
UNDER THE MAGIC PINE TREE;CENTER;672-18;Active;05/31/2019;No;927 MITCH DRIVE;NV;GARDNERVILLE;89460;775-265-2023;06/01/2015;APRIL CANNOY;Director;DOUGLAS
UNDER THE MAGIC PINE TREE;CENTER;2697-19;Active;04/30/2020;N/A;927 MITCH DR;NV;GARDNERVILLE;89460;775-265-2023;05/17/2019;CHRISTINE MCNALLY;Person in Charge;DOUGLAS
UNIVERSITY UNITED METHODIST CHILD DEVELOPMENT CENTER;CENTER;1286-18;Active;10/31/2019;No;4412 S. MARYLAND PKWY;NV;LAS VEGAS;89119;702-733-7157;11/01/2015;CHELSIE SHURTLEFF;Director;CLARK
UNLV/CSUN;CENTER;174-18;Active;10/31/2019;No;4505 S. MARYLAND PKWY;NV;LAS VEGAS;89154;702-895-1322;11/01/2013;CLAIRE TREDWELL;Director;CLARK
WATCH ME GROW;CENTER;830-19;Active;03/31/2020;No;4095 W. CRAIG RD;NV;NORTH LAS VEGAS;89032;702-646-4386;08/01/2015;BRANDIE HEISELER;Director;CLARK
WATER OF LIFE LUTHERAN SCHOOL;CENTER;1452-18;Active;08/31/2019;No;5430 S. GRAND CANYON DR;NV;LAS VEGAS;89148;702-469-9009;09/01/2016;ELIZABETH MARQUARDT;Director;CLARK
WELLS FAMILY RESOURCE AND CULTURAL CENTER;CENTER (PROVISIONAL);771-18;Active;04/30/2019;No;261 FIRST STREET;NV;WELLS;89835;775-752-2345;05/01/2015;SUSAN DUFFY;Director;ELKO
WILLIAM'S FAMILY DAY CARE;FAMILY CARE;783-18;Active;08/31/2019;No;1704 JOHN BEVY;NV;NORTH LAS VEGAS;89086;702-302-1312;08/01/2015;MARY ANN WILLIAMS;Owner;CLARK
WORD OF LIFE CHRISTIAN ACADEMY;CENTER;1293-18;Active;10/31/2019;No;3520 N. BUFFALO DR;NV;LAS VEGAS;89129;702-645-1180;12/09/2016;JETAUN HARRIS;Director;CLARK
YERINGTON HEAD START;CENTER;2414-19;Active;12/31/2019;N/A;311 VIRGINIA ST.;NV;YERINGTON;89447;775-463-1690;01/04/2019;HEIDI EMM;Director;LYON
YESHIVA;CENTER (PROVISIONAL);2364-18;Active;03/31/2019;N/A;9590 WEST SAHARA AVENUE;NV;LAS VEGAS;89117;702-838-8003;04/06/2018;ESTI KLEIN;Person in Charge;CLARK
YMCA - CENTENNIAL HILLS;CENTER;1079-19;Active;05/31/2019;No;6601 N. BUFFALO DR;NV;LAS VEGAS;89131;702-478-9622;09/01/2016;DANIELLE DONOHO;Director;CLARK
YMCA - DURANGO HILLS;CENTER;1078-19;Active;05/31/2019;No;3521 N. DURANGO DR;NV;LAS VEGAS;89129;702-240-9622;05/01/2016;ERICA STEGALL;Person in Charge;CLARK
YMCA - SKYVIEW;CENTER;1374-19;Active;08/31/2019;No;3050 E. CENTENNIAL PKWY;NV;NORTH LAS VEGAS;89081;702-522-7500;09/01/2016;ERICA STEGALL;Director;CLARK
ZION LUTHERAN CHURCH PRESCHOOL;CENTER;176-19;Active;01/31/2020;No;3205 N. HIGHLAND DRIVE;NV;WINNEMUCCA;89445;775-623-3796;03/01/2015;ELIZABETH DYCHES;Director;HUMBOLDT
ZOO'N AROUND PRESCHOOL;CENTER;1095-18;Active;07/31/2019;No;380 CRIMSON;NV;FERNLEY;89408;775-575-9666;09/01/2015;EVELYN KNIGHT;Director;LYON
