"ID";"Action";"Description";"Start Date";"End Date"
944;"Complaint";"REQUIRED RATIOS";"11-17-2017";
944;"Complaint";"SUPERVISION AT ALL TIMES";"02-28-2017";
944;"Complaint";"SERVICE AND SERVING EQUIP";"02-28-2017";
944;"Complaint";"CORPORAL/PHYSICAL PUNISH";"06-29-2017";
944;"Complaint";"PHYSICAL RESTRAINT";"02-28-2017";
944;"Complaint";"ROUGH OR HARSH HANDLING";"08-14-2018";
944;"Complaint";"SIGN CHILD OUT/DEPARTURE";"11-17-2017";
1721;"Complaint";"APPARENT HAZARDOUS CONDIT";"08-30-2019";
1721;"Complaint";"BARRIERS AROUND RADIATORS";"08-30-2019";
1721;"Complaint";"SUPERVISION AT ALL TIMES";"06-27-2019";
1721;"Complaint";"TIME OUTDOORS DAILY";"08-30-2019";
91;"Complaint";"TIME OUTDOORS DAILY";"10-18-2018";
91;"Complaint";"PARENT NOTIFIED PROCEDURE";"04-19-2016";
919;"Complaint";"STAFF-CHILD RATIO";"03-25-2016";
919;"Complaint";"NAPPING/RESTING";"03-19-2015";
242;"Complaint";"VERBAL ABUSE";"10-25-2016";
242;"Complaint";"ROUGH OR HARSH HANDLING";"02-14-2019";
242;"Complaint";"NO ILL CHILD ADMITTED";"04-26-2017";
242;"Complaint";"CONTAGIOUS DISEASE/CONDIT";"04-26-2017";
66;"Complaint";"SUPERVISION";"03-07-2017";
66;"Complaint";"SUPERVISION";"09-05-2017";
66;"Complaint";"STAFF-CHILD RATIO";"03-07-2017";
66;"Complaint";"STAFF-CHILD RATIO";"09-05-2017";
66;"Complaint";"PHYSICAL RESTRAINT";"09-05-2017";
1616;"Complaint";"AMOUNT/TYPE FURNISHINGS";"10-09-2019";
1616;"Complaint";"STAFF-CHILD RATIO";"10-09-2019";
1537;"Complaint";"APPARENT HAZARDOUS CONDIT";"06-20-2019";
1537;"Complaint";"APPARENT HAZARDOUS CONDIT";"06-27-2019";
288;"Complaint";"FACILITY FOR CHILD CARE";"06-21-2016";
288;"Complaint";"BATHROOM FACILITIES";"07-30-2015";
288;"Complaint";"BATHROOM FACILITIES";"09-24-2015";
288;"Complaint";"HEATING/ AIR CONDITIONING";"06-21-2016";
288;"Complaint";"HEATING/ AIR CONDITIONING";"07-21-2016";
288;"Complaint";"SUPERVISION AT ALL TIMES";"07-17-2019";
288;"Complaint";"STAFF FREE OTHER DUTIES";"05-18-2017";
288;"Complaint";"CRIES/SIGNS OF DISTRESS";"05-18-2017";
288;"Complaint";"VERBAL ABUSE";"05-18-2017";
288;"Complaint";"ROUGH OR HARSH HANDLING";"05-18-2017";
288;"Complaint";"REPORTED DHR PRIOR TO OCC";"06-20-2017";
288;"Complaint";"RISK TO A CHILD";"06-20-2017";
203;"Complaint";"STAFF-CHILD RATIO";"11-19-2018";
203;"Complaint";"SUPERVISION AT ALL TIMES";"11-04-2015";
203;"Complaint";"SUPERVISION AT ALL TIMES";"09-06-2018";
203;"Complaint";"SUPERVISION AT ALL TIMES";"11-19-2018";
203;"Complaint";"CHARACTER AND SUITABILITY";"05-23-2019";
1836;"Complaint";"SIGN CHILD IN/ARRIVAL";"11-06-2018";
1836;"Complaint";"PHOTOGRAPHIC ID";"11-06-2018";
1699;"Complaint";"APPARENT HAZARDS";"06-05-2019";
1699;"Complaint";"STAFF-CHILD RATIO";"05-02-2019";
1699;"Complaint";"SUPERVISION AT ALL TIMES";"06-05-2019";
1699;"Complaint";"ISOLATION AND REMOVAL";"08-15-2018";
1699;"Complaint";"CONTAGIOUS DISEASE/CONDIT";"08-15-2018";
1699;"Complaint";"RECORDS ON STAFF";"08-06-2019";
1699;"Complaint";"CHARACTER AND SUITABILITY";"08-06-2019";
1699;"Complaint";"CHARACTER AND SUITABILITY";"04-22-2015";
1222;"Complaint";"SUPERVISION";"11-06-2018";
1222;"Complaint";"VERBAL ABUSE";"07-03-2019";
1222;"Complaint";"AIDES/ASSISTANT TEACHERS";"07-03-2019";
276;"Complaint";"SPACE FOR GROUPS";"03-18-2015";
276;"Complaint";"STAFF-CHILD RATIO";"08-17-2016";
276;"Complaint";"VERBAL ABUSE";"11-06-2018";
276;"Complaint";"VEHICLE SAFETY CHECK";"08-17-2016";
276;"Complaint";"CRIMINAL HISTORY BACKGROU";"03-18-2015";
1181;"Complaint";"APPARENT HAZARDOUS CONDIT";"08-20-2015";
1181;"Complaint";"HAZARDOUS SUBSTANCES LOCK";"08-20-2015";
1181;"Complaint";"STAFF-CHILD RATIO";"08-20-2015";
1181;"Complaint";"FOOD";"08-20-2015";
1349;"Complaint";"REQUIRED RATIOS";"06-02-2017";
1349;"Complaint";"ISOLATION AND REMOVAL";"06-02-2017";
1778;"Complaint";"SMOKING/TOBACCO PROHIBIT";"10-14-2016";
1778;"Complaint";"STAFF-CHILD RATIO";"10-14-2016";
1778;"Complaint";"STAFF COVERAGE";"10-14-2016";
283;"Complaint";"SUPERVISION AT ALL TIMES";"03-10-2017";
283;"Complaint";"STAFF WASH HANDS BEF/AFT";"03-10-2017";
283;"Complaint";"INDICATED REPORTS OF CA/N";"08-22-2017";
1021;"Complaint";"APPARENT HAZARDOUS CONDIT";"04-04-2019";
1021;"Complaint";"HAZARDOUS SUBSTANCES LOCK";"04-28-2016";
1021;"Complaint";"MEDICINES/DRUGS LOCKED";"04-28-2016";
1021;"Complaint";"APPARENT HAZARDS";"04-04-2019";
1021;"Complaint";"ADMINISTERING MEDICATION";"04-28-2016";
1021;"Complaint";"SIGN CHILD IN/ARRIVAL";"08-23-2018";
1021;"Complaint";"STAFF RECORD/CONFIDENTIAL";"04-28-2016";
1021;"Complaint";"STAFF HAS READ MINIMUM ST";"04-28-2016";
261;"Complaint";"CLEANING DOESNT INTERFERE";"03-15-2018";
261;"Complaint";"STAFF-CHILD RATIO";"02-22-2018";
261;"Complaint";"STAFF-CHILD RATIO";"03-22-2018";
261;"Complaint";"STAFF-CHILD RATIO";"11-15-2018";
261;"Complaint";"HANDLED GENTLY";"03-15-2018";
261;"Complaint";"FOOD";"09-26-2018";
261;"Complaint";"VERBAL ABUSE";"03-15-2018";
1745;"Complaint";"SUPERVISION AT ALL TIMES";"08-15-2019";
1745;"Complaint";"WET/SOILED DIAPERS/CLOTH";"10-11-2016";
1745;"Complaint";"PROHIBITED DISCIPLINE";"07-24-2019";
1745;"Complaint";"CHARACTER AND SUITABILITY";"07-24-2019";
1826;"Complaint";"APPARENT HAZARDOUS CONDIT";"08-06-2019";
1826;"Complaint";"DIRECTOR QUALIFICATIONS";"07-17-2018";
1826;"Complaint";"DIRECTOR QUALIFICATIONS";"07-17-2018";
208;"Complaint";"CENTER RESPONSIBLE";"02-11-2016";
208;"Complaint";"CENTER RESPONSIBLE";"02-11-2016";
208;"Complaint";"QUALIFICATIONS OF STAFF";"01-11-2018";
208;"Complaint";"RISK TO A CHILD";"02-23-2016";
1571;"Complaint";"SMOKING/TOBACCO PROHIBIT";"09-18-2015";
1571;"Complaint";"QUALIFICATIONS OF STAFF";"09-18-2015";
1339;"Complaint";"CENTER CLEAN";"11-04-2016";
1339;"Complaint";"SUPERVISION AT ALL TIMES";"10-15-2015";
1339;"Complaint";"FOOD";"11-04-2016";
1843;"Complaint";"STAFF-CHILD RATIO";"10-22-2019";
1843;"Complaint";"YOUNGER THAN AGE 2Â½ YEARS";"10-22-2019";
1843;"Complaint";"PROVIDE OPERATING FUNDS";"10-22-2019";
207;"Complaint";"REQUIRED RATIOS";"11-07-2017";
207;"Complaint";"STAFF-CHILD RATIO";"11-07-2017";
207;"Complaint";"SUPERVISION AT ALL TIMES";"03-02-2016";
207;"Complaint";"STAFF IN EACH ROOM/SEE";"11-07-2017";
207;"Complaint";"HEALTH/SAFETY/UNIVER PREC";"12-01-2015";
207;"Complaint";"COOPERATE WITH DHR INVEST";"06-21-2017";
60;"Complaint";"HAZARDOUS SUBSTANCES LOCK";"03-25-2019";
60;"Complaint";"SUPERVISION AT ALL TIMES";"09-15-2015";
60;"Complaint";"STAFF-PARENT COMMUNICATE";"03-25-2019";
60;"Complaint";"INJURY REQUIRING MEDICAL";"07-22-2015";
2061;"Complaint";"REQUIRED RATIOS";"08-25-2017";
2061;"Complaint";"SUPERVISION AT ALL TIMES";"03-19-2019";
236;"Complaint";"STORAGE SPACE EACH CHILD";"05-21-2019";
236;"Complaint";"APPARENT HAZARDOUS CONDIT";"05-21-2019";
236;"Complaint";"CLEANING DOESNT INTERFERE";"05-21-2019";
236;"Complaint";"APPARENT HAZARDS";"11-29-2016";
236;"Complaint";"WET/SOILED DIAPERS/CLOTH";"05-02-2017";
236;"Complaint";"PROHIBITED DISCIPLINE";"01-22-2016";
236;"Complaint";"CORPORAL/PHYSICAL PUNISH";"05-02-2017";
1491;"Complaint";"HAZARD PREVENTION";"07-14-2015";
1491;"Complaint";"EQUIPMENT ANCHORED";"07-14-2015";
1491;"Complaint";"YOUNGER THAN AGE 2Â½ YEARS";"04-15-2015";
1491;"Complaint";"MULTIPLE AGE GROUPING";"04-15-2015";
1491;"Complaint";"CORPORAL/PHYSICAL PUNISH";"08-08-2016";
1491;"Complaint";"VERBAL ABUSE";" ";
1575;"Complaint";"WET/SOILED DIAPERS/CLOTH";"01-11-2019";
1575;"Complaint";"PROHIBITED DISCIPLINE";"05-17-2019";
2063;"Complaint";"CHARACTER AND SUITABILITY";"02-19-2016";
2063;"Complaint";"NUMBER OF CHILDREN";"02-19-2016";
2063;"Complaint";"CENTER CLEAN";"08-13-2018";
96;"Complaint";"SUPERVISION";"07-28-2016";
96;"Complaint";"HEATING/ AIR CONDITIONING";"11-17-2015";
96;"Complaint";"CRIB EACH INFANT/MATTRESS";"11-17-2015";
96;"Complaint";"STAFF-CHILD RATIO";"11-17-2015";
96;"Complaint";"YOUNGER THAN AGE 2Â½ YEARS";"09-30-2016";
96;"Complaint";"STAFF FREE OTHER DUTIES";"09-30-2016";
57;"Complaint";"SUPERVISION";"03-10-2016";
57;"Complaint";"STAFF-CHILD RATIO";"03-10-2016";
57;"Complaint";"MULTIPLE AGE GROUPING";"03-10-2016";
57;"Complaint";"NAPPING/RESTING";"01-25-2017";
1302;"Complaint";"STAFFING";"04-10-2018";
1302;"Complaint";"REQUIRED RATIOS";"04-10-2018";
1302;"Complaint";"YOUNGER THAN AGE 2Â½ YEARS";"04-10-2018";
1302;"Complaint";"STAFF WASH HANDS BEF/AFT";"03-13-2017";
1302;"Complaint";"DISCIPLINARY PRACTICES";"07-12-2018";
1302;"Complaint";"PROHIBITED DISCIPLINE";"08-26-2019";
1302;"Complaint";"ROUGH OR HARSH HANDLING";"04-11-2017";
1302;"Complaint";"CONTAGIOUS DISEASE/CONDIT";"08-26-2019";
967;"Complaint";"STAFF-CHILD RATIO";"05-23-2017";
967;"Complaint";"YOUNGER THAN AGE 2Â½ YEARS";"05-23-2017";
967;"Complaint";"SECOND STAFF/7 OR MORE";"05-23-2017";
967;"Complaint";"QUALIFICATIONS OF STAFF";"05-23-2017";
170;"Complaint";"SUPERVISION AT ALL TIMES";"02-24-2017";
170;"Complaint";"ISOLATION AND REMOVAL";"02-24-2017";
875;"Complaint";"SUPERVISION";"03-13-2017";
875;"Complaint";"APPARENT HAZARDOUS CONDIT";"09-19-2019";
875;"Complaint";"HAZARDOUS SUBSTANCES LOCK";"09-26-2019";
875;"Complaint";"FREEDOM OF MOVEMENT";"10-03-2019";
875;"Complaint";"MENU FOR MEALS AND SNACKS";"09-19-2019";
1059;"Complaint";"CHARACTER AND SUITABILITY";"01-08-2019";
1059;"Complaint";"CHARACTER AND SUITABILITY";"01-08-2019";
1860;"Complaint";"HEATING/ AIR CONDITIONING";"06-12-2019";
1860;"Complaint";"APPARENT HAZARDOUS CONDIT";"06-26-2019";
1860;"Complaint";"ALCOHOL/DRUGS PROHIBITED";"02-21-2019";
1860;"Complaint";"PROHIBITED DISCIPLINE";"06-26-2019";
1860;"Complaint";"PHYSICAL RESTRAINT";"06-26-2019";
1860;"Complaint";"CONTAGIOUS DISEASE/CONDIT";"02-21-2019";
1860;"Complaint";"QUALIFICATIONS OF STAFF";"02-21-2019";
186;"Complaint";"DISCIPLINE APPROPRIATE";"06-18-2015";
186;"Complaint";"VERBAL ABUSE";"03-15-2017";
1883;"Complaint";"PROHIBITED DISCIPLINE";"10-23-2019";
1883;"Complaint";"PHYSICAL RESTRAINT";"10-23-2019";
327;"Complaint";"HAZARD PREVENTION";"04-24-2019";
327;"Complaint";"OUTDOOR PLAY AREA ENCLOSE";"01-30-2017";
327;"Complaint";"STAFF-CHILD RATIO";"01-30-2017";
327;"Complaint";"NUMBER OF CHILDREN";"08-27-2015";
1554;"Complaint";"STAFF COVERAGE";"02-27-2018";
1554;"Complaint";"SUPERVISION AT ALL TIMES";"06-09-2016";
1554;"Complaint";"QUALIFICATIONS OF STAFF";"02-27-2018";
2032;"Complaint";"SUPERVISION";"05-23-2016";
2032;"Complaint";"SUPERVISION AT ALL TIMES";"09-17-2015";
2032;"Complaint";"CHARACTER AND SUITABILITY";"08-14-2019";
1845;"Complaint";"STAFFING";"10-24-2019";
1845;"Complaint";"STAFF-CHILD RATIO";"06-27-2019";
1001;"Complaint";"STAFF-CHILD RATIO";"10-21-2016";
1001;"Complaint";"STAFF-CHILD RATIO";"04-17-2018";
1001;"Complaint";"STAFF COVERAGE";"10-06-2016";
1001;"Complaint";"DISCIPLINE/FOOD/NAPS/BATH";"04-04-2017";
1814;"Complaint";"STAFF-CHILD RATIO";"03-20-2019";
1814;"Complaint";"NOT LEFT WHILE DIAPERING";"04-17-2018";
1814;"Complaint";"PROHIBITED DISCIPLINE";"07-26-2019";
1814;"Complaint";"CORPORAL/PHYSICAL PUNISH";"04-17-2018";
1814;"Complaint";"VERBAL ABUSE";"03-10-2017";
1814;"Complaint";"REPORTS TO THE DEPARTMENT";"06-18-2018";
151;"Complaint";"STAFF-CHILD RATIO";"08-28-2019";
151;"Complaint";"PHYSICAL RESTRAINT";"07-25-2019";
1117;"Complaint";"CRIES/SIGNS OF DISTRESS";"08-08-2019";
1117;"Complaint";"STAFF IN EACH ROOM/SEE";"08-08-2019";
299;"Complaint";"SUPERVISION";"09-04-2018";
299;"Complaint";"CORPORAL/PHYSICAL PUNISH";"06-21-2018";
1527;"Complaint";"VENTILATION/LIGHT/HEAT";"11-24-2015";
1527;"Complaint";"DEATH";"09-06-2016";
2155;"Complaint";"LIGHTING DURING NAP/REST";"08-08-2019";
2155;"Complaint";"AIDES/ASSISTANT TEACHERS";"10-03-2019";
1893;"Complaint";"APPARENT HAZARDOUS CONDIT";"09-25-2019";
1893;"Complaint";"APPARENT HAZARDOUS CONDIT";"10-18-2019";
1893;"Complaint";"APPARENT HAZARDS";"09-25-2019";
1893;"Complaint";"STAFF-PARENT COMMUNICATE";"10-18-2019";
1893;"Complaint";"RECORDS ON STAFF";"09-25-2019";
1893;"Complaint";"CHARACTER AND SUITABILITY";"09-25-2019";
2112;"Complaint";"SUPERVISION AT ALL TIMES";"05-20-2019";
2112;"Complaint";"SUPERVISED REST PERIOD";"05-20-2019";
1750;"Complaint";"FIRE INSPECTION";"10-11-2016";
1750;"Complaint";"HAZARD PREVENTION";"02-13-2018";
1750;"Complaint";"STAFF-CHILD RATIO";"09-06-2016";
1750;"Complaint";"STAFF-CHILD RATIO";"09-14-2016";
1750;"Complaint";"STAFF-CHILD RATIO";"09-14-2016";
1750;"Complaint";"SUPERVISION AT ALL TIMES";"07-31-2017";
1750;"Complaint";"FOOD";"03-21-2017";
1750;"Complaint";"ISOLATION AND REMOVAL";"07-31-2017";
234;"Complaint";"CHILDREN HANDLED GENTLY";"09-22-2016";
234;"Complaint";"MEDICAL EXAM/TB TEST";"09-22-2016";
730;"Complaint";"CHARACTER AND SUITABILITY";"03-14-2018";
730;"Complaint";"VENTILATION/LIGHT/HEAT";"04-01-2019";
730;"Complaint";"VENTILATION/LIGHT/HEAT";"04-02-2019";
730;"Complaint";"ALCOHOL/DRUGS PROHIBITED";"01-09-2019";
730;"Complaint";"MULTIPLE AGE GROUPING";"01-03-2019";
730;"Complaint";"REPORT KNOWN/SUSPECTED";"10-26-2017";
497;"Complaint";"SUPERVISION AT ALL TIMES";"05-02-2019";
497;"Complaint";"PUNISHMENT BY CHILD";"05-02-2019";
497;"Complaint";"AUTHORIZATION/RELEASE";"05-10-2017";
1844;"Complaint";"STAFF-CHILD RATIO";"05-17-2019";
1844;"Complaint";"YOUNGER THAN AGE 2Â½ YEARS";"07-18-2019";
1546;"Complaint";"CRIES/SIGNS OF DISTRESS";"03-21-2018";
1546;"Complaint";"SERVICE AND SERVING EQUIP";"03-21-2018";
1715;"Complaint";"SUPERVISION AT ALL TIMES";"09-13-2019";
1715;"Complaint";"PROHIBITED DISCIPLINE";"09-13-2019";
1715;"Complaint";"REPORTED 24 HRS/5 DAYS";"09-13-2019";
785;"Complaint";"STAFF-CHILD RATIO";"08-07-2018";
785;"Complaint";"CORPORAL/PHYSICAL PUNISH";"07-31-2017";
1837;"Complaint";"APPARENT HAZARDOUS CONDIT";"10-10-2019";
1837;"Complaint";"SUPERVISION AT ALL TIMES";"10-10-2019";
1837;"Complaint";"TRANSPORTATION CHECKLISTS";"10-10-2019";
214;"Complaint";"STAFF-CHILD RATIO";"12-16-2014";
214;"Complaint";"STAFF-CHILD RATIO";"10-02-2015";
214;"Complaint";"STAFF-CHILD RATIO";"02-01-2016";
214;"Complaint";"YOUNGER THAN AGE 2Â½ YEARS";"12-16-2014";
214;"Complaint";"YOUNGER THAN AGE 2Â½ YEARS";"04-05-2016";
214;"Complaint";"MULTIPLE AGE GROUPING";"04-05-2016";
214;"Complaint";"SERVICE AND SERVING EQUIP";"02-01-2016";
214;"Complaint";"CORPORAL/PHYSICAL PUNISH";"04-29-2015";
214;"Complaint";"CORPORAL/PHYSICAL PUNISH";"02-01-2016";
214;"Complaint";"CORPORAL/PHYSICAL PUNISH";"05-05-2016";
852;"Complaint";"STAFF-CHILD RATIO";"04-07-2016";
852;"Complaint";"SUPERVISION AT ALL TIMES";"08-17-2016";
881;"Complaint";"SUPERVISION";"04-23-2019";
881;"Complaint";"TRANSPORTATION CHECKLISTS";"04-23-2019";
799;"Complaint";"SUPERVISION AT ALL TIMES";"10-08-2015";
799;"Complaint";"CONFIDENTIALITY";"04-26-2017";
2107;"Complaint";"VERBAL ABUSE";"02-22-2017";
2107;"Complaint";"DISCIPLINE/FOOD/NAPS/BATH";"02-06-2018";
1390;"Complaint";"STAFF-CHILD RATIO";"12-04-2015";
1390;"Complaint";"SOFT MATERIALS PROHIBITED";"12-04-2015";
1390;"Complaint";"SERVICE/SERVING EQUIPMENT";"11-08-2018";
1640;"Complaint";"STAFF-CHILD RATIO";"06-05-2019";
1640;"Complaint";"STAFF-CHILD RATIO";"09-04-2019";
1640;"Complaint";"SUPERVISION AT ALL TIMES";"06-05-2019";
1640;"Complaint";"PHYSICAL RESTRAINT";"06-05-2019";
1640;"Complaint";"INITIAL MEDICAL REPORT/TB";"03-03-2017";
1640;"Complaint";"REPORTED 24 HRS/5 DAYS";"11-07-2019";
1640;"Complaint";"CONFIDENTIALITY";"06-05-2019";
647;"Complaint";"FOOD";"01-23-2018";
647;"Complaint";"COTS AND BEDDING";"01-23-2018";
647;"Complaint";"SERVICE/SERVING EQUIPMENT";"01-23-2018";
1868;"Complaint";"STAFF-CHILD RATIO";"10-09-2019";
1868;"Complaint";"CRIBS, COTS, AND BEDDING";"10-09-2019";
312;"Complaint";"APPARENT HAZARDOUS CONDIT";"04-25-2019";
312;"Complaint";"SUPERVISION AT ALL TIMES";"04-16-2019";
312;"Complaint";"VERBAL ABUSE";"04-25-2019";
1375;"Complaint";"VENTILATION/LIGHT/HEAT";"03-08-2019";
1375;"Complaint";"HEATING/ AIR CONDITIONING";"11-20-2014";
1375;"Complaint";"HEATING/ AIR CONDITIONING";"06-23-2016";
1375;"Complaint";"CORPORAL/PHYSICAL PUNISH";"03-16-2017";
2208;"Complaint";"SUPERVISION AT ALL TIMES";"04-04-2019";
2208;"Complaint";"FOOD";"08-02-2019";
892;"Complaint";"CHARACTER AND SUITABILITY";"03-20-2018";
892;"Complaint";"SUPERVISION AT ALL TIMES";"04-10-2015";
892;"Complaint";"FOOD";"01-26-2016";
892;"Complaint";"SERVICE AND SERVING EQUIP";"06-11-2015";
892;"Complaint";"FOOD";"06-11-2015";
892;"Complaint";"SERVICE/SERVING EQUIPMENT";"01-26-2016";
892;"Complaint";"CHARACTER AND SUITABILITY";"01-26-2016";
892;"Complaint";"PROVIDE OPERATING FUNDS";"01-26-2016";
892;"Complaint";"IMMUNIZATIONS";"06-06-2019";
130;"Complaint";"HEATING/ AIR CONDITIONING";"02-05-2018";
130;"Complaint";"HAZARDOUS SUBSTANCES LOCK";"10-23-2019";
130;"Complaint";"REQUIRED RATIOS";"05-09-2017";
130;"Complaint";"STAFF-CHILD RATIO";"02-05-2018";
130;"Complaint";"SUPERVISION AT ALL TIMES";"02-17-2016";
130;"Complaint";"CORPORAL/PHYSICAL PUNISH";"12-15-2017";
130;"Complaint";"ISOLATION AND REMOVAL";"03-23-2017";
130;"Complaint";"PHOTOGRAPHIC ID";"05-09-2017";
130;"Complaint";"CHARACTER AND SUITABILITY";"10-30-2019";
130;"Complaint";"VERIFICATION OF TRAINING";"10-30-2019";
130;"Complaint";"MEDICAL EXAM/TB TEST";" ";
131;"Complaint";"SUPERVISION AT ALL TIMES";"06-08-2018";
131;"Complaint";"REPORTED 24 HRS/5 DAYS";"06-08-2018";
132;"Complaint";"SUPERVISION AT ALL TIMES";"01-14-2015";
132;"Complaint";"SUPERVISION AT ALL TIMES";"08-12-2016";
168;"Complaint";"DIAPERING/TOILETING";"09-18-2019";
168;"Complaint";"WET/SOILED DIAPERS/CLOTH";"07-25-2019";
1055;"Complaint";"SUPERVISION AT ALL TIMES";"04-10-2019";
1055;"Complaint";"INJURY REQUIRING MEDICAL";"01-22-2015";
121;"Complaint";"APPARENT HAZARDS";"03-20-2017";
121;"Complaint";"ROUGH OR HARSH HANDLING";"03-07-2017";
126;"Complaint";"CLEANING DAILY";"09-08-2016";
126;"Complaint";"CLEANING DAILY";"09-08-2016";
126;"Complaint";"REQUIRED RATIOS";"07-12-2016";
126;"Complaint";"SUPERVISION AT ALL TIMES";"09-08-2016";
126;"Complaint";"VERBAL ABUSE";"09-08-2016";
126;"Complaint";"ROUGH OR HARSH HANDLING";"07-19-2016";
126;"Complaint";"SIGN CHILD OUT/DEPARTURE";"07-14-2016";
126;"Complaint";"SIGN CHILD OUT/DEPARTURE";"07-14-2016";
126;"Complaint";"COPY POLICIES TO PARENT";"07-12-2016";
126;"Complaint";"DOCUMENTS TO BE POSTED";"09-02-2016";
917;"Complaint";"SUPERVISION AT ALL TIMES";"01-12-2017";
917;"Complaint";"VERBAL ABUSE";"09-28-2018";
917;"Complaint";"PUNISHMENT BY CHILD";"09-28-2018";
917;"Complaint";"ROUGH OR HARSH HANDLING";"02-11-2016";
1622;"Complaint";"CENTER DOESN'T MEET STAND";"11-09-2017";
1622;"Complaint";"STAFF-CHILD RATIO";"04-17-2018";
1622;"Complaint";"PUNISHMENT BY CHILD";"10-25-2016";
1622;"Complaint";"PUNISHMENT BY CHILD";"04-17-2018";
888;"Complaint";"DIAPERING/TOILETING";"10-25-2017";
888;"Complaint";"STAFF-PARENT COMMUNICATE";"10-25-2017";
1073;"Complaint";"HEATING/ AIR CONDITIONING";"05-18-2017";
1073;"Complaint";"NAPPING/RESTING";"08-09-2016";
1073;"Complaint";"RATIOS/PRESCHOOLCHILDREN";"08-09-2016";
1073;"Complaint";"REPORTS TO THE DEPARTMENT";"07-31-2018";
1945;"Complaint";"STAFF-CHILD RATIO";"06-12-2017";
1945;"Complaint";"YOUNGER THAN AGE 2Â½ YEARS";"06-12-2017";
1183;"Complaint";"FEEDING";"08-29-2016";
1183;"Complaint";"VERBAL ABUSE";"09-06-2016";
895;"Complaint";"STAFF-CHILD RATIO";"09-10-2015";
895;"Complaint";"YOUNGER THAN AGE 2Â½ YEARS";"09-17-2015";
895;"Complaint";"STAFF";"11-04-2015";
1838;"Complaint";"STAFFING";"03-21-2018";
1838;"Complaint";"STAFF-CHILD RATIO";"07-13-2018";
1838;"Complaint";"STAFF-CHILD RATIO";"11-08-2018";
1838;"Complaint";"STAFF-CHILD RATIO";"06-10-2019";
1838;"Complaint";"MULTIPLE AGE GROUPING";"06-10-2019";
1838;"Complaint";"NOT LEFT WHILE DIAPERING";"07-12-2018";
1838;"Complaint";"FOOD";"07-13-2018";
1838;"Complaint";"FEEDING";"07-13-2018";
1838;"Complaint";"CCW/TEACHER QUALIFIED";"07-13-2018";
1838;"Complaint";"TRAFFIC ACCIDENT";"07-13-2018";
1838;"Complaint";"RISK TO A CHILD";"03-21-2018";
1838;"Complaint";"NUMBER OF CHILDREN";"07-13-2018";
402;"Complaint";"SUPERVISION OF CHILDREN";"06-03-2016";
402;"Complaint";"SUPERVISION OF CHILDREN";"06-03-2016";
1756;"Complaint";"YOUNGER THAN AGE 2Â½ YEARS";"07-31-2015";
1756;"Complaint";"SUPERVISION AT ALL TIMES";"08-30-2018";
1756;"Complaint";"SUPERVISION AT ALL TIMES";"12-20-2018";
1385;"Complaint";"SUPERVISION AT ALL TIMES";"03-03-2015";
1385;"Complaint";"WET/SOILED DIAPERS/CLOTH";"03-07-2016";
1385;"Complaint";"FACE AND HAND WASHING";"03-07-2016";
110;"Complaint";"REQUIRED RATIOS";"03-10-2017";
110;"Complaint";"REQUIRED RATIOS";"04-04-2019";
110;"Complaint";"YOUNGER THAN AGE 2Â½ YEARS";"03-10-2017";
110;"Complaint";"SUPERVISION AT ALL TIMES";"03-10-2017";
110;"Complaint";"SUPERVISION AT ALL TIMES";"09-05-2018";
110;"Complaint";"SOFT MATERIALS PROHIBITED";"03-10-2017";
110;"Complaint";"STAFF";"03-10-2017";
110;"Complaint";"REPORTED 24 HRS/5 DAYS";"07-14-2015";
110;"Complaint";"LICENSING EVALUATION";"03-10-2017";
110;"Complaint";"DEFICIENCY REPORT";"03-10-2017";
1729;"Complaint";"SUPERVISION";"06-15-2016";
1729;"Complaint";"REPORTS TO THE DEPARTMENT";"03-09-2015";
1757;"Complaint";"SUPERVISION AT ALL TIMES";"11-20-2015";
1757;"Complaint";"SUPERVISION AT ALL TIMES";"11-07-2019";
912;"Complaint";"NO POSITIONING DEVICE";" ";
912;"Complaint";"SOFT MATERIALS PROHIBITED";" ";
912;"Complaint";"ROUGH OR HARSH HANDLING";"11-26-2014";
1301;"Complaint";"SUPERVISION AT ALL TIMES";"09-11-2015";
1301;"Complaint";"ILLNESS AND INJURY";"09-11-2015";
996;"Complaint";"NUMBER OF CHILDREN";"09-26-2019";
996;"Complaint";"SUPERVISION AT ALL TIMES";"09-26-2019";
996;"Complaint";"PROHIBITED DISCIPLINE";"09-26-2019";
996;"Complaint";"PHYSICAL RESTRAINT";"09-26-2019";
996;"Complaint";"QUALIFICATIONS OF STAFF";"09-26-2019";
996;"Complaint";"AIDES/ASSISTANT TEACHERS";"09-26-2019";
927;"Complaint";"HAZARDOUS SUBSTANCES LOCK";"05-09-2018";
927;"Complaint";"SMOKING/TOBACCO PROHIBIT";"12-14-2017";
927;"Complaint";"SMOKING/TOBACCO PROHIBIT";"12-14-2017";
927;"Complaint";"STAFF WASH HANDS BEF/AFT";"07-18-2017";
927;"Complaint";"PROHIBITED DISCIPLINE";"12-14-2017";
927;"Complaint";"PROHIBITED DISCIPLINE";"12-14-2017";
927;"Complaint";"CONTAGIOUS DISEASE/CONDIT";"12-14-2017";
927;"Complaint";"CONTAGIOUS DISEASE/CONDIT";"12-14-2017";
927;"Complaint";"QUALIFICATIONS OF STAFF";"05-25-2018";
926;"Complaint";"HAZARD PREVENTION";"08-03-2017";
926;"Complaint";"REQUIRED RATIOS";"02-24-2017";
926;"Complaint";"SUPERVISION AT ALL TIMES";"01-21-2015";
926;"Complaint";"NO STAFF/MORE THAN 8 HRS";"03-03-2017";
926;"Complaint";"CONTAGIOUS DISEASE/CONDIT";"06-02-2017";
858;"Complaint";"STAFF-CHILD RATIO";"10-02-2018";
858;"Complaint";"YOUNGER THAN AGE 2Â½ YEARS";"12-13-2018";
858;"Complaint";"ADMINISTERING MEDICATION";"12-13-2018";
858;"Complaint";"AUTHORIZATION/RELEASE";"11-07-2018";
1065;"Complaint";"STAFF-CHILD RATIO";"11-08-2017";
1065;"Complaint";"SUPERVISION AT ALL TIMES";"02-15-2019";
1065;"Complaint";"SUPERVISION AT ALL TIMES";"03-29-2019";
1065;"Complaint";"SUPERVISION AT ALL TIMES";"03-29-2019";
1065;"Complaint";"FOOD";"11-08-2017";
1065;"Complaint";"PUNISHMENT BY CHILD";"02-15-2019";
1065;"Complaint";"STAFF";"02-15-2019";
1064;"Complaint";"REQUIRED RATIOS";"09-11-2018";
1064;"Complaint";"STAFF-CHILD RATIO";"04-18-2019";
1064;"Complaint";"SUPERVISION AT ALL TIMES";"04-18-2019";
1064;"Complaint";"PROHIBITED DISCIPLINE";"04-18-2019";
1064;"Complaint";"VERBAL ABUSE";"04-18-2019";
1064;"Complaint";"DRIVER/PASSENGERS SECURED";"03-22-2018";
1064;"Complaint";"QUALIFICATIONS OF STAFF";"02-13-2018";
105;"Complaint";"CHILD CARE PROGRAM";"11-19-2018";
105;"Complaint";"STAFF-CHILD RATIO";"01-10-2017";
105;"Complaint";"STAFF-CHILD RATIO";"10-04-2018";
105;"Complaint";"SUPERVISION AT ALL TIMES";"01-10-2017";
227;"Complaint";"SUPERVISION";"07-14-2017";
227;"Complaint";"NUMBER OF FIXTURES";"09-20-2017";
252;"Complaint";"SUPERVISION";"11-03-2015";
252;"Complaint";"APPARENT HAZARDOUS CONDIT";"10-19-2018";
252;"Complaint";"SUPERVISION AT ALL TIMES";"10-23-2015";
252;"Complaint";"SUPERVISION AT ALL TIMES";"10-23-2015";
252;"Complaint";"RECORDS ON EACH CHILD";"12-04-2014";
252;"Complaint";"SIGN-IN/SIGN-OUT SHEETS";"09-11-2015";
1795;"Complaint";"HEALTH INSPECTION";"04-05-2019";
1795;"Complaint";"CENTER CLEAN";"04-05-2019";
1795;"Complaint";"STAFF-CHILD RATIO";"04-05-2019";
1795;"Complaint";"NO POSITIONING DEVICE";"04-05-2019";
1795;"Complaint";"CRIBS, COTS, AND BEDDING";"04-05-2019";
1795;"Complaint";"CRIBS/COTS CLEANED/SHEETS";"04-05-2019";
1341;"Complaint";"APPARENT HAZARDOUS CONDIT";"09-13-2016";
1341;"Complaint";"MEDICINES/DRUGS LOCKED";"10-20-2016";
1341;"Complaint";"CLEANING DAILY";"11-07-2016";
1341;"Complaint";"SUPERVISION AT ALL TIMES";"09-13-2016";
98;"Complaint";"STAFF-CHILD RATIO";"06-06-2019";
98;"Complaint";"SUPERVISION AT ALL TIMES";"06-06-2019";
98;"Complaint";"CHILD'S HANDS WASHED AFT";"06-06-2019";
98;"Complaint";"STAFF USE SINGLE-USE DISP";"06-06-2019";
98;"Complaint";"STAFF USE SINGLE-USE DISP";"06-06-2019";
98;"Complaint";"STAFF IN EACH ROOM/SEE";"06-05-2019";
98;"Complaint";"FACE AND HAND WASHING";"06-06-2019";
98;"Complaint";"PROHIBITED DISCIPLINE";"06-06-2019";
98;"Complaint";"ROUGH OR HARSH HANDLING";"06-06-2019";
98;"Complaint";"ADMINISTERING MEDICATION";"06-06-2019";
1717;"Complaint";"SPACE PER CHILD";"07-20-2015";
1717;"Complaint";"NUMBER OF FIXTURES";"07-20-2015";
1717;"Complaint";"DIAPERING FACILITIES";"07-20-2015";
1717;"Complaint";"HEATING/ AIR CONDITIONING";"07-20-2015";
1717;"Complaint";"HEATING/ AIR CONDITIONING";"06-14-2017";
1717;"Complaint";"HEATING/ AIR CONDITIONING";"05-23-2018";
1717;"Complaint";"HEATING/ AIR CONDITIONING";"05-21-2019";
1717;"Complaint";"HEATING/ AIR CONDITIONING";"05-21-2019";
1717;"Complaint";"TEMP 68 TO 82 DEGREES";"05-21-2019";
1717;"Complaint";"APPARENT HAZARDOUS CONDIT";" ";
1717;"Complaint";"BARRIERS AROUND RADIATORS";"06-14-2017";
1717;"Complaint";"MULTIPLE AGE GROUPING";"05-05-2017";
1717;"Complaint";"DISCIPLINE APPROPRIATE";"05-23-2018";
1717;"Complaint";"VERBAL ABUSE";"07-03-2018";
1717;"Complaint";"PHOTOGRAPHIC ID";"03-09-2015";
1717;"Complaint";"RECORDS ON STAFF";"07-20-2015";
1717;"Complaint";"UNSUITABLE CHARACTER";"06-28-2018";
2262;"Complaint";"CLEAN AND SAFE CONDITION";"10-17-2019";
2262;"Complaint";"CRIB EACH INFANT/MATTRESS";"05-28-2019";
2262;"Complaint";"PHYSICAL RESTRAINT";"05-28-2019";
1726;"Complaint";"BARRIERS AROUND RADIATORS";"03-11-2015";
1726;"Complaint";"CORPORAL/PHYSICAL PUNISH";"01-28-2019";
1782;"Complaint";"SOFT MATERIALS PROHIBITED";"11-07-2018";
1782;"Complaint";"OPEN VISITS FROM PARENTS";"11-07-2018";
300;"Complaint";"DIRECTOR OR CENTER DIRECT";"09-26-2019";
300;"Complaint";"STAFF OR CENTER STAFF";"11-08-2019";
300;"Complaint";"SUPERVISION";"11-08-2019";
300;"Complaint";"REVIEW CONDUCTED ON ALL";"09-26-2019";
1488;"Complaint";"DRIVER/PASSENGERS SECURED";"11-03-2017";
1488;"Complaint";"VERIFICATION OF EDUCATION";"05-08-2017";
1446;"Complaint";"ROUGH OR HARSH HANDLING";"08-16-2018";
1446;"Complaint";"CONTAGIOUS DISEASE/CONDIT";"01-09-2015";
1088;"Complaint";"SUPERVISION AT ALL TIMES";"10-11-2016";
1088;"Complaint";"STAFF IN CHARGE AUTHORIZE";"02-04-2016";
1088;"Complaint";"HANDLED GENTLY";"02-17-2016";
1088;"Complaint";"CHARACTER AND SUITABILITY";"02-04-2016";
1088;"Complaint";"REPORTED 24 HRS/5 DAYS";"10-11-2016";
1284;"Complaint";"HAZARD PREVENTION";"11-09-2018";
1284;"Complaint";"APPARENT HAZARDOUS CONDIT";"11-09-2018";
1284;"Complaint";"STAFF-CHILD RATIO";"11-09-2018";
1284;"Complaint";"STAFF-CHILD RATIO";"11-09-2018";
1284;"Complaint";"STAFF-CHILD RATIO";" ";
1284;"Complaint";"YOUNGER THAN AGE 2Â½ YEARS";"11-09-2018";
1284;"Complaint";"QUALIFIED STAFF CPR/1ST";"11-09-2018";
1284;"Complaint";"CORPORAL/PHYSICAL PUNISH";"02-06-2019";
1284;"Complaint";"VERBAL ABUSE";"11-09-2018";
1284;"Complaint";"QUALIFICATIONS OF STAFF";"02-06-2019";
1578;"Complaint";"SUPERVISION AT ALL TIMES";"12-22-2017";
1578;"Complaint";"FREEDOM OF MOVEMENT";"02-05-2018";
1578;"Complaint";"TUMMY TIME";"02-05-2018";
1578;"Complaint";"CORPORAL/PHYSICAL PUNISH";"02-08-2019";
1578;"Complaint";"VERBAL ABUSE";"02-08-2019";
1578;"Complaint";"RISK TO A CHILD";"12-22-2017";
1475;"Complaint";"STAFF-PARENT COMMUNICATE";"08-20-2019";
1475;"Complaint";"SAFETY PRECAUTIONS/VEHICL";"03-15-2019";
63;"Complaint";"CLEANING DAILY";"04-04-2018";
63;"Complaint";"VERBAL ABUSE";"04-04-2018";
63;"Complaint";"ROUGH OR HARSH HANDLING";"04-04-2018";
63;"Complaint";"SAFETY PRECAUTIONS/VEHICL";"03-11-2019";
856;"Complaint";"HEATING/ AIR CONDITIONING";"08-06-2019";
856;"Complaint";"NO ILL CHILD ADMITTED";"05-18-2017";
1477;"Complaint";"SUPERVISION AT ALL TIMES";"09-04-2019";
1477;"Complaint";"CRIBS, COTS, AND BEDDING";"09-04-2019";
1087;"Complaint";"VERBAL ABUSE";"02-04-2016";
1087;"Complaint";"VERBAL ABUSE";"04-05-2019";
1087;"Complaint";"ROUGH OR HARSH HANDLING";"04-05-2019";
1087;"Complaint";"STAFF-PARENT COMMUNICATE";"04-05-2019";
270;"Complaint";"REQUIRED RATIOS";"11-08-2016";
270;"Complaint";"TRAFFIC ACCIDENT";"05-24-2016";
2301;"Complaint";"CRIBS, COTS, AND BEDDING";"04-27-2018";
2301;"Complaint";"SERVICE/SERVING EQUIPMENT";"04-27-2018";
1557;"Complaint";"APPARENT HAZARDOUS CONDIT";"03-17-2017";
1557;"Complaint";"APPARENT HAZARDOUS CONDIT";"06-27-2019";
1557;"Complaint";"SUPERVISION AT ALL TIMES";"03-28-2016";
1557;"Complaint";"SUPERVISION AT ALL TIMES";"09-08-2017";
1557;"Complaint";"SUPERVISION AT ALL TIMES";"11-15-2018";
1557;"Complaint";"FOOD";"11-15-2018";
1557;"Complaint";"DISCIPLINE APPROPRIATE";"08-04-2017";
1557;"Complaint";"REPORTS TO THE DEPARTMENT";"03-28-2016";
1337;"Complaint";"STAFF-CHILD RATIO";"08-14-2019";
1337;"Complaint";"STAFF-CHILD RATIO";"08-14-2019";
1471;"Complaint";"SUPERVISION";"09-28-2016";
1471;"Complaint";"REQUIRED RATIOS";"05-05-2017";
1444;"Complaint";"STAFF-CHILD RATIO";"05-14-2018";
1444;"Complaint";"SUPERVISION AT ALL TIMES";"05-14-2018";
1444;"Complaint";"SUPERVISION AT ALL TIMES";"07-18-2018";
1444;"Complaint";"CLEAN, DRY DIAPERS/CLOTH";"08-30-2018";
1444;"Complaint";"FEEDING";"08-30-2018";
1444;"Complaint";"PARENT INFORMED/BEHAVIOR";"05-14-2018";
1444;"Complaint";"NO CHILD LEFT IN VEHICLE";"07-25-2016";
1444;"Complaint";"NO CHILD LEFT IN VEHICLE";"08-02-2016";
1444;"Complaint";"RISK TO A CHILD";"12-10-2014";
1443;"Complaint";"INDOOR AREA";"07-02-2019";
1443;"Complaint";"STAFF-PARENT COMMUNICATE";"08-23-2019";
111;"Complaint";"YOUNGER THAN AGE 2Â½ YEARS";"04-10-2018";
111;"Complaint";"CORPORAL/PHYSICAL PUNISH";"04-10-2018";
245;"Complaint";"STAFF COVERAGE";"02-22-2019";
245;"Complaint";"SUPERVISED REST PERIOD";"02-22-2019";
1074;"Complaint";"STAFF RECOGNIZE DIFFERING";"09-16-2016";
1074;"Complaint";"DISCIPLINE APPROPRIATE";"09-16-2016";
1074;"Complaint";"PROHIBITED DISCIPLINE";"09-16-2016";
1074;"Complaint";"CORPORAL/PHYSICAL PUNISH";"09-20-2016";
1074;"Complaint";"CORPORAL/PHYSICAL PUNISH";"09-20-2016";
1074;"Complaint";"ROUGH OR HARSH HANDLING";"09-16-2016";
1074;"Complaint";"ROUGH OR HARSH HANDLING";"09-16-2016";
1780;"Complaint";"REQUIRED RATIOS";"08-23-2016";
1780;"Complaint";"YOUNGER THAN AGE 2Â½ YEARS";"03-14-2017";
1780;"Complaint";"STAFF COVERAGE";"08-15-2019";
1780;"Complaint";"SUPERVISION AT ALL TIMES";"03-14-2017";
1780;"Complaint";"STAFF IN EACH ROOM NAP";"03-14-2017";
1780;"Complaint";"FOOD";"03-14-2017";
1780;"Complaint";"STAFF-PARENT COMMUNICATE";"03-14-2017";
1780;"Complaint";"DIRECTOR QUALIFICATIONS";"08-15-2019";
1780;"Complaint";"PROVIDE OPERATING FUNDS";"07-19-2016";
1780;"Complaint";"PROVIDE OPERATING FUNDS";"06-22-2017";
1780;"Complaint";"PROVIDE OPERATING FUNDS";"08-15-2019";
1780;"Complaint";"REPORTED 24 HRS/5 DAYS";"08-15-2019";
1285;"Complaint";"STAFF-CHILD RATIO";"12-12-2017";
1285;"Complaint";"CORPORAL/PHYSICAL PUNISH";"07-25-2016";
1351;"Complaint";"NUMBER OF FIXTURES";"11-21-2018";
1351;"Complaint";"HEATING/ AIR CONDITIONING";"11-21-2018";
1351;"Complaint";"TEMP 68 TO 82 DEGREES";"11-21-2018";
1351;"Complaint";"STAFF-CHILD RATIO";"11-26-2018";
1351;"Complaint";"YOUNGER THAN AGE 2Â½ YEARS";"11-26-2018";
1351;"Complaint";"ISOLATION AND REMOVAL";"09-04-2015";
1351;"Complaint";"REPORTS TO THE DEPARTMENT";"10-28-2019";
1230;"Complaint";"HEATING/ AIR CONDITIONING";"12-05-2018";
1230;"Complaint";"TEMP 68 TO 82 DEGREES";"12-05-2018";
1230;"Complaint";"APPARENT HAZARDOUS CONDIT";"08-24-2016";
1230;"Complaint";"PROHIBITED DISCIPLINE";"09-19-2018";
1230;"Complaint";"CORPORAL/PHYSICAL PUNISH";"12-19-2018";
1230;"Complaint";"OPEN VISITS FROM PARENTS";"03-06-2018";
1239;"Complaint";"SPACE PER CHILD";"04-17-2015";
1239;"Complaint";"STAFF-CHILD RATIO";"04-17-2015";
1239;"Complaint";"YOUNGER THAN AGE 2Â½ YEARS";"04-17-2015";
1239;"Complaint";"SUPERVISION AT ALL TIMES";"09-20-2019";
1239;"Complaint";"HANDLED GENTLY";"05-10-2016";
1239;"Complaint";"CORPORAL/PHYSICAL PUNISH";"05-10-2016";
1610;"Complaint";"CONTAGIOUS DISEASE/CONDIT";"08-25-2017";
1610;"Complaint";"CHARACTER AND SUITABILITY";"12-28-2016";
1610;"Complaint";"CHARACTER AND SUITABILITY";"04-30-2018";
1610;"Complaint";"UNSUITABLE CHARACTER";"08-11-2017";
1482;"Complaint";"STAFF USE SINGLE-USE DISP";"03-08-2017";
1482;"Complaint";"CONFIDENTIALITY";"03-08-2017";
1082;"Complaint";"SUPERVISION";"03-08-2016";
1082;"Complaint";"APPARENT HAZARDOUS CONDIT";"08-26-2016";
2325;"Complaint";"APPARENT HAZARDOUS CONDIT";"08-01-2018";
2325;"Complaint";"CENTER CLEAN";"08-01-2018";
2325;"Complaint";"STAFF-PARENT COMMUNICATE";"09-21-2018";
403;"Complaint";"WET/SOILED DIAPERS/CLOTH";"06-21-2019";
403;"Complaint";"NAPPING/RESTING";"07-17-2019";
1335;"Complaint";"HEALTH INSPECTION";"12-10-2015";
1335;"Complaint";"HAZARD PREVENTION";"05-25-2017";
1335;"Complaint";"APPARENT HAZARDOUS CONDIT";"10-09-2015";
1335;"Complaint";"CENTER CLEAN";"10-09-2015";
1335;"Complaint";"APPARENT HAZARDS";"10-02-2018";
1335;"Complaint";"APPARENT HAZARDS";"10-02-2018";
1335;"Complaint";"STAFF-CHILD RATIO";"05-08-2017";
1335;"Complaint";"STAFF-CHILD RATIO";"01-31-2018";
1335;"Complaint";"STAFF-CHILD RATIO";"02-06-2018";
1335;"Complaint";"STAFF-CHILD RATIO";"03-01-2018";
1335;"Complaint";"YOUNGER THAN AGE 2Â½ YEARS";"09-21-2016";
1335;"Complaint";"MULTIPLE AGE GROUPING";"01-31-2018";
1335;"Complaint";"CHARACTER AND SUITABILITY";"10-25-2019";
1335;"Complaint";"CHARACTER AND SUITABILITY";"10-31-2019";
1335;"Complaint";"MAJOR DAMAGE TO FACILITY";"05-25-2017";
1335;"Complaint";"RISK TO A CHILD";"05-25-2017";
1788;"Complaint";"SUPERVISION";"09-27-2019";
1788;"Complaint";"NUMBER OF CHILDREN";"10-28-2019";
1788;"Complaint";"NUMBER OF CHILDREN";"10-25-2019";
1788;"Complaint";"FEEDING";"10-28-2019";
1788;"Complaint";"TRANSPORTATION CHECKLISTS";"09-27-2019";
1788;"Complaint";"STAFF RECORD/CONFIDENTIAL";"10-28-2019";
1788;"Complaint";"CHARACTER AND SUITABILITY";"10-28-2019";
969;"Complaint";"DIAPERING FACILITIES";"11-14-2017";
969;"Complaint";"SHELVING ANCHORED";"10-13-2016";
969;"Complaint";"HAZARDOUS SUBSTANCES LOCK";"10-13-2016";
969;"Complaint";"MEDICINES/DRUGS LOCKED";"10-13-2016";
969;"Complaint";"EXPOSED ELECTRICAL OUTLET";"10-13-2016";
969;"Complaint";"CLEANING DAILY";"10-03-2018";
969;"Complaint";"CRIB EACH INFANT/MATTRESS";"10-13-2016";
969;"Complaint";"STAFF-CHILD RATIO";"03-09-2017";
969;"Complaint";"SUPERVISION AT ALL TIMES";"08-19-2016";
969;"Complaint";"SUPERVISION AT ALL TIMES";"11-27-2017";
969;"Complaint";"WET/SOILED DIAPERS IN COV";"10-13-2016";
969;"Complaint";"POTTY CHAIRS";"11-27-2017";
969;"Complaint";"FOOD";"10-13-2016";
969;"Complaint";"SUBSTITUTE QUALIFIED";"10-13-2016";
969;"Complaint";"REPORTS TO THE DEPARTMENT";"11-14-2017";
969;"Complaint";"RISK TO A CHILD";"09-19-2017";
319;"Complaint";"SUPERVISION";"05-27-2015";
319;"Complaint";"STAFF-CHILD RATIO";"06-23-2016";
319;"Complaint";"STAFF-CHILD RATIO";"03-28-2017";
993;"Complaint";"HEALTH INSPECTION";"10-02-2019";
993;"Complaint";"EXCLUSIVE USE";"09-23-2019";
993;"Complaint";"APPARENT HAZARDOUS CONDIT";"09-23-2019";
993;"Complaint";"QUALIFICATIONS OF STAFF";"09-23-2019";
1859;"Complaint";"DIAPERING FACILITIES";"04-10-2019";
1859;"Complaint";"APPARENT HAZARDOUS CONDIT";"04-10-2019";
1515;"Complaint";"ISOLATION AND REMOVAL";"07-16-2018";
1515;"Complaint";"CHILDREN'S RECORDS CONFID";"07-16-2018";
870;"Complaint";"SUPERVISION AT ALL TIMES";"11-10-2016";
870;"Complaint";"ILLNESS AND INJURY";"11-10-2016";
870;"Complaint";"STAFF VISUALLY SUPERVISE";"04-21-2015";
1494;"Complaint";"STAFF-CHILD RATIO";"09-14-2016";
1494;"Complaint";"STAFF-CHILD RATIO";"09-22-2016";
1494;"Complaint";"STAFF-CHILD RATIO";"08-15-2018";
1494;"Complaint";"STAFF-CHILD RATIO";"09-07-2018";
1494;"Complaint";"YOUNGER THAN AGE 2Â½ YEARS";"09-22-2016";
1494;"Complaint";"FOOD";"09-22-2016";
1494;"Complaint";"QUALIFICATIONS OF STAFF";"09-20-2018";
1494;"Complaint";"STAFF RECORD/CONFIDENTIAL";"09-20-2018";
1494;"Complaint";"REPORTS TO THE DEPARTMENT";"09-20-2018";
1494;"Complaint";"CHILD'S PRE-ADMISSION REC";"05-02-2017";
226;"Complaint";"NAPPING/RESTING";"08-16-2019";
226;"Complaint";"SUPERVISED REST PERIOD";"06-07-2019";
226;"Complaint";"COTS AND BEDDING";"08-16-2019";
226;"Complaint";"MANDATORY CRIMINAL HISTOR";"06-07-2019";
1749;"Complaint";"SUPINE/BACK FOR SLEEPING";"11-19-2015";
1749;"Complaint";"SOFT MATERIALS PROHIBITED";"11-19-2015";
1749;"Complaint";"VERBAL ABUSE";"07-30-2019";
1749;"Complaint";"ROUGH OR HARSH HANDLING";" ";
1556;"Complaint";"STAFF-CHILD RATIO";"05-19-2016";
1556;"Complaint";"STAFF-CHILD RATIO";"10-13-2016";
1556;"Complaint";"YOUNGER THAN AGE 2Â½ YEARS";"10-13-2016";
1389;"Complaint";"HAZARDOUS SUBSTANCES LOCK";"04-26-2019";
1389;"Complaint";"OFF-STREET LOADING/UNLOAD";"06-13-2018";
1389;"Complaint";"STAFF-CHILD RATIO";"11-03-2016";
1389;"Complaint";"SUPERVISION AT ALL TIMES";"11-03-2016";
1420;"Complaint";"APPARENT HAZARDOUS CONDIT";"10-04-2019";
1420;"Complaint";"SUPERVISION AT ALL TIMES";"10-04-2019";
1420;"Complaint";"CORPORAL/PHYSICAL PUNISH";"09-27-2019";
1568;"Complaint";"APPARENT HAZARDOUS CONDIT";"02-05-2018";
1568;"Complaint";"EXPOSED ELECTRICAL OUTLET";"04-02-2019";
1568;"Complaint";"CENTER CLEAN";"04-30-2019";
1568;"Complaint";"SHADE AND SUN AREAS";"04-30-2019";
1568;"Complaint";"APPARENT HAZARDS";"04-02-2019";
52;"Complaint";"PROHIBITED DISCIPLINE";"08-13-2019";
52;"Complaint";"CORPORAL/PHYSICAL PUNISH";"02-26-2015";
52;"Complaint";"PHYSICAL RESTRAINT";"08-13-2019";
1510;"Complaint";"APPARENT HAZARDS";"06-19-2018";
1510;"Complaint";"REQUIRED RATIOS";"05-08-2017";
1510;"Complaint";"STAFF-CHILD RATIO";"11-21-2016";
1510;"Complaint";"STAFF-CHILD RATIO";"03-23-2017";
1510;"Complaint";"SUPERVISION AT ALL TIMES";"03-30-2017";
1510;"Complaint";"FEEDING";"03-30-2017";
1510;"Complaint";"PROHIBITED DISCIPLINE";"02-01-2017";
1510;"Complaint";"CORPORAL/PHYSICAL PUNISH";"11-21-2016";
1510;"Complaint";"STAFF-PARENT COMMUNICATE";"05-08-2017";
1510;"Complaint";"HEALTH INFORMATION";"03-30-2017";
1510;"Complaint";"STAFF DETRIMENTAL CONDIT";"03-06-2017";
1510;"Complaint";"CONFIDENTIALITY";"03-06-2017";
1510;"Complaint";"CONFIDENTIAL INFORMATION";"11-21-2016";
954;"Complaint";"ALCOHOL/DRUGS PROHIBITED";" ";
954;"Complaint";"STAFF-CHILD RATIO";"09-02-2016";
954;"Complaint";"STAFF-PARENT COMMUNICATE";"12-09-2016";
954;"Complaint";"CONTAGIOUS DISEASE/CONDIT";" ";
954;"Complaint";"ADMINISTERING MEDICATION";" ";
954;"Complaint";"CCW/TEACHER QUALIFIED";" ";
1493;"Complaint";"STAFF-CHILD RATIO";"05-08-2018";
1493;"Complaint";"SUPERVISION AT ALL TIMES";" ";
1493;"Complaint";"SUPERVISION AT ALL TIMES";"09-06-2016";
1935;"Complaint";"LAWFUL SCHOOL AGE";"03-30-2015";
1935;"Complaint";"DEPARTMENT VISITS";"04-05-2017";
1935;"Complaint";"MAY REQUEST CONSULTATION";"06-20-2019";
1935;"Complaint";"HEALTH INSPECTION";"04-05-2017";
20;"Complaint";"ROUGH OR HARSH HANDLING";"09-10-2015";
20;"Complaint";"ROUGH OR HARSH HANDLING";"09-29-2015";
1383;"Complaint";"SUPERVISION AT ALL TIMES";"03-08-2018";
1383;"Complaint";"SUPERVISION AT ALL TIMES";"09-24-2018";
1383;"Complaint";"DISCIPLINE/FOOD/NAPS/BATH";"02-17-2015";
1383;"Complaint";"RISK TO A CHILD";"05-08-2017";
1829;"Complaint";"ROUGH OR HARSH HANDLING";"07-30-2019";
1829;"Complaint";"STAFF-PARENT COMMUNICATE";"08-22-2019";
851;"Complaint";"STAFF-CHILD RATIO";"02-03-2016";
851;"Complaint";"COTS AND BEDDING";"06-15-2017";
851;"Complaint";"CORPORAL/PHYSICAL PUNISH";"11-10-2016";
1532;"Complaint";"TOILETING/CHILD'S NEEDS";"03-15-2016";
1532;"Complaint";"PROHIBITED DISCIPLINE";"04-26-2019";
193;"Complaint";"SUPERVISION AT ALL TIMES";"01-30-2019";
193;"Complaint";"SUPERVISION AT ALL TIMES";"08-13-2019";
193;"Complaint";"SUPERVISION AT ALL TIMES";"10-04-2019";
193;"Complaint";"REPORTED 24 HRS/5 DAYS";"01-30-2019";
193;"Complaint";"REPORT KNOWN/SUSPECTED";"06-13-2017";
2419;"Complaint";"SHELVING ANCHORED";"09-27-2018";
2419;"Complaint";"SUPINE/BACK FOR SLEEPING";"09-27-2018";
2419;"Complaint";"NO POSITIONING DEVICE";"09-27-2018";
1011;"Complaint";"HEALTH INSPECTION";"04-24-2018";
1011;"Complaint";"SUPERVISION AT ALL TIMES";"04-24-2018";
260;"Complaint";"YOUNGER THAN AGE 2Â½ YEARS";"07-14-2017";
260;"Complaint";"SUPERVISION AT ALL TIMES";"07-14-2017";
260;"Complaint";"PUNISHMENT BY CHILD";"07-14-2017";
260;"Complaint";"NOT TRANSPORTED/AIRBAG";"01-21-2016";
1472;"Complaint";"APPARENT HAZARDOUS CONDIT";"03-08-2018";
1472;"Complaint";"STAFF-CHILD RATIO";"07-27-2017";
1472;"Complaint";"STAFF-CHILD RATIO";"04-12-2018";
1472;"Complaint";"YOUNGER THAN AGE 2Â½ YEARS";"04-12-2018";
1472;"Complaint";"SUPERVISION AT ALL TIMES";"09-17-2015";
1472;"Complaint";"CRIES/SIGNS OF DISTRESS";"09-17-2015";
1472;"Complaint";"CLEAN, DRY DIAPERS/CLOTH";"06-08-2017";
1472;"Complaint";"SERVICE AND SERVING EQUIP";"09-17-2015";
1472;"Complaint";"TIME OUTDOORS DAILY";"11-09-2017";
1472;"Complaint";"DISCIPLINE/FOOD/NAPS/BATH";"07-27-2017";
1472;"Complaint";"ROUGH OR HARSH HANDLING";"04-30-2015";
1472;"Complaint";"POLICIES DON'T CONTRADICT";"06-08-2017";
1472;"Complaint";"CHANGES PROVIDED PARENT";"06-08-2017";
1472;"Complaint";"REPORTED 24 HRS/5 DAYS";"08-30-2018";
885;"Complaint";"CORPORAL/PHYSICAL PUNISH";" ";
885;"Complaint";"MISLEADING OR FALSE STATE";"05-01-2015";
884;"Complaint";"PHYSICAL RESTRAINT";"03-31-2016";
884;"Complaint";"REPORTED 24 HRS/5 DAYS";"09-25-2019";
329;"Complaint";"CLEANING DAILY";"09-04-2018";
329;"Complaint";"SUPERVISION AT ALL TIMES";"09-04-2018";
329;"Complaint";"NO POSITIONING DEVICE";"09-04-2018";
329;"Complaint";"SOFT MATERIALS PROHIBITED";"09-04-2018";
329;"Complaint";"NO ILL CHILD ADMITTED";"09-04-2018";
329;"Complaint";"QUALIFICATIONS OF STAFF";"09-04-2018";
1762;"Complaint";"CHARACTER AND SUITABILITY";"05-17-2019";
1762;"Complaint";"CENTER CLEAN";"08-07-2017";
1762;"Complaint";"SUPERVISION AT ALL TIMES";"08-09-2017";
1762;"Complaint";"SUPERVISION AT ALL TIMES";" ";
1762;"Complaint";"ILLNESS AND INJURY";"05-24-2018";
1762;"Complaint";"DOCUMENTS TO BE POSTED";"09-22-2017";
1762;"Complaint";"DEFICIENCY REPORT";"09-22-2017";
1075;"Complaint";"PROHIBITED DISCIPLINE";"05-24-2019";
1075;"Complaint";"ROUGH OR HARSH HANDLING";"04-21-2016";
1075;"Complaint";"ISOLATION AND REMOVAL";"01-07-2016";
1075;"Complaint";"DOCUMENTS TO BE POSTED";"02-28-2017";
1528;"Complaint";"STAFF-CHILD RATIO";"09-06-2017";
1528;"Complaint";"STAFF/SAME INFANTS";"03-15-2016";
1523;"Complaint";"YOUNGER THAN AGE 2Â½ YEARS";"07-25-2017";
1523;"Complaint";"HANDLED GENTLY";"07-25-2017";
1481;"Complaint";"APPARENT HAZARDOUS CONDIT";"08-12-2015";
1481;"Complaint";"CHILDREN HANDLED GENTLY";"10-15-2015";
1481;"Complaint";"ILLNESS AND INJURY";"10-18-2016";
1802;"Complaint";"NIGHT CARE FACILITY";"11-16-2016";
1802;"Complaint";"HEATING/ AIR CONDITIONING";"07-03-2018";
1802;"Complaint";"REQUIRED RATIOS";"01-17-2019";
1802;"Complaint";"FOOD";"07-28-2017";
1802;"Complaint";"TRANSPORTATION BY CENTER";"07-28-2017";
1802;"Complaint";"MAJOR CHANGE OR EXTENSION";"11-18-2016";
1802;"Complaint";"NIGHTTIME CENTERS";"12-09-2016";
231;"Complaint";"DISCIPLINE APPROPRIATE";"03-02-2018";
231;"Complaint";"PROHIBITED DISCIPLINE";"03-09-2018";
231;"Complaint";"VERBAL ABUSE";"03-02-2018";
231;"Complaint";"DISCUSSION ABOUT CHILDREN";"03-02-2018";
1808;"Complaint";"HEATING/ AIR CONDITIONING";"07-02-2018";
1808;"Complaint";"WET/SOILED DIAPERS/CLOTH";"07-02-2018";
1355;"Complaint";"SUPERVISION AT ALL TIMES";"11-02-2017";
1355;"Complaint";"SERVICE AND SERVING EQUIP";"09-21-2018";
1355;"Complaint";"ISOLATION AND REMOVAL";"11-02-2017";
857;"Complaint";"REQUIRED RATIOS";"06-12-2015";
857;"Complaint";"STAFF-CHILD RATIO";"06-12-2015";
857;"Complaint";"STAFF-CHILD RATIO";"06-12-2015";
857;"Complaint";"SUPERVISION AT ALL TIMES";"06-12-2015";
857;"Complaint";"SUPERVISION AT ALL TIMES";"08-22-2016";
857;"Complaint";"CONTAGIOUS DISEASE/CONDIT";"04-06-2017";
2441;"Complaint";"REQUIRED RATIOS";"03-07-2017";
2441;"Complaint";"SUBSTITUTE PRESENT";"03-07-2017";
987;"Complaint";"SUPERVISION AT ALL TIMES";"08-28-2019";
987;"Complaint";"CORPORAL/PHYSICAL PUNISH";"12-15-2016";
957;"Complaint";"CHARACTER AND SUITABILITY";"04-03-2019";
957;"Complaint";"PROHIBITED DISCIPLINE";"04-03-2019";
957;"Complaint";"CONTAGIOUS DISEASE/CONDIT";"04-17-2019";
1529;"Complaint";"SUPERVISION AT ALL TIMES";"05-09-2018";
1529;"Complaint";"SUPERVISION AT ALL TIMES";"05-31-2019";
