"provider_number";"inspectionDate";"inspectionType";"inspectionTime";"inspectionTimeout";"inspectionInspector";"deficientFindings";"totalFindings";"satisfactoryResponses";"unsatisfactoryResponses";"notInspectedResponses";"naResponses";"totalResponses";"accountName";"accountStreet";"accountCity";"accountState";"accountZip";"accountPhone";"accountFax";"reportFile"
"PV80344";"02/20/2013";"Complaint Investigation";"06:00 AM";;"Brandi Harding";0;0;0;0;0;0;0;"Montana Department of Public Health and Human Services";"2401 COLONIAL DR, PO Box 202953";"HELENA";"MT";59601;"406-444-3074";"406-444-1742";"Alvita Spooner _ Teeter Toddler - Public Report_02_20_2013.pdf"
"PV80344";"11/16/2012";"Complaint Investigation";"06:00 AM";;"Brandi Harding";0;0;0;0;0;0;0;"Montana Department of Public Health and Human Services";"2401 COLONIAL DR, PO Box 202953";"HELENA";"MT";59601;"406-444-3074";"406-444-1742";"Alvita Spooner _ Teeter Toddler - Public Report_11_16_2012.pdf"
"PV80344";"09/19/2012";"Complaint Investigation";"06:00 AM";;"Brandi Harding";0;0;0;0;0;0;0;"Montana Department of Public Health and Human Services";"2401 COLONIAL DR, PO Box 202953";"HELENA";"MT";59601;"406-444-3074";"406-444-1742";"Alvita Spooner _ Teeter Toddler - Public Report_09_19_2012.pdf"
"PV80344";"05/24/2012";"Complaint Investigation";"06:00 AM";;"Brandi Harding";0;0;0;0;0;0;0;"Montana Department of Public Health and Human Services";"2401 COLONIAL DR, PO Box 202953";"HELENA";"MT";59601;"406-444-3074";"406-444-1742";"Alvita Spooner _ Teeter Toddler - Public Report_05_24_2012.pdf"
"PV80344";"03/09/2012";"Complaint Investigation";"06:00 AM";;"Brandi Harding";0;0;0;0;0;0;0;"Montana Department of Public Health and Human Services";"2401 COLONIAL DR, PO Box 202953";"HELENA";"MT";59601;"406-444-3074";"406-444-1742";"Alvita Spooner _ Teeter Toddler - Public Report_03_09_2012.pdf"
"PV80344";"12/20/2011";"Follow-up Inspection";"06:00 AM";;"Brandi Rourke";0;0;0;0;0;0;0;"Montana Department of Public Health and Human Services";"2401 COLONIAL DR, PO Box 202953";"HELENA";"MT";59601;"406-444-3074";"406-444-1742";"Alvita Spooner _ Teeter Toddler - Public Report_12_20_2011.pdf"
"PV80344";"10/20/2011";"Complaint Investigation";"06:00 AM";;"Brandi Rourke";0;0;0;0;0;0;0;"Montana Department of Public Health and Human Services";"2401 COLONIAL DR, PO Box 202953";"HELENA";"MT";59601;"406-444-3074";"406-444-1742";"Alvita Spooner _ Teeter Toddler - Public Report_10_20_2011.pdf"
"PV80344";"02/22/2011";"20% Inspection";"06:00 AM";;"Brandi Rourke";0;0;0;0;0;0;0;"Montana Department of Public Health and Human Services";"2401 COLONIAL DR, PO Box 202953";"HELENA";"MT";59601;"406-444-3074";"406-444-1742";"Alvita Spooner _ Teeter Toddler - Public Report_02_22_2011.pdf"
"PV80344";"07/19/2010";"Follow-up Inspection";"06:00 AM";;"Brandi Rourke";0;0;0;0;0;0;0;"Montana Department of Public Health and Human Services";"2401 COLONIAL DR, PO Box 202953";"HELENA";"MT";59601;"406-444-3074";"406-444-1742";"Alvita Spooner _ Teeter Toddler - Public Report_07_19_2010.pdf"
"PV80344";"04/22/2010";"Routine Inspection";"06:00 AM";;"Brandi Rourke";0;0;0;0;0;0;0;"Montana Department of Public Health and Human Services";"2401 COLONIAL DR, PO Box 202953";"HELENA";"MT";59601;"406-444-3074";"406-444-1742";"Alvita Spooner _ Teeter Toddler - Public Report_04_22_2010.pdf"
"PV80344";"03/26/2009";"Initial / 20% Inspection";"06:00 AM";;"Brandi Rourke";0;0;0;0;0;0;0;"Montana Department of Public Health and Human Services";"2401 COLONIAL DR, PO Box 202953";"HELENA";"MT";59601;"406-444-3074";"406-444-1742";"Alvita Spooner _ Teeter Toddler - Public Report_03_26_2009.pdf"
"PV80344";"03/10/2008";"Complaint Investigation";"06:00 AM";;"Stephanie Goetz";0;0;0;0;0;0;0;"Montana Department of Public Health and Human Services";"2401 COLONIAL DR, PO Box 202953";"HELENA";"MT";59601;"406-444-3074";"406-444-1742";"Alvita  Spooner - Public Report_03_10_2008.pdf"
"PV103876";"04/26/2012";"Initial / 20% Inspection";"06:00 AM";;"Sharla Jerrel";0;0;0;0;0;0;0;"Montana Department of Public Health and Human Services";"2401 COLONIAL DR, PO Box 202953";"HELENA";"MT";59601;"406-444-3074";"406-444-1742";"Bethany Bielen _ Mini Miracles - Public Report_04_26_2012.pdf"
"PV107846";"05/16/2018";"Initial-New Inspection";"06:00 AM";;"Cora Helm";0;0;0;0;0;0;0;"Montana Department of Public Health and Human Services";"2401 COLONIAL DR, PO Box 202953";"HELENA";"MT";59601;"406-444-3074";"406-444-1742";"B Martin _ Miss Bobbie's Little School - Public Report_05_16_2018.pdf"
"PV107846";"03/01/2018";"Pre-Inspection";"06:00 AM";;"Pam West";0;0;0;0;0;0;0;"Montana Department of Public Health and Human Services";"2401 COLONIAL DR, PO Box 202953";"HELENA";"MT";59601;"406-444-3074";"406-444-1742";"B Martin _ Miss Bobbie's Little School - Public Report_03_01_2018.pdf"
"PV105176";"11/27/2019";"Renewal Inspection";"10:15 AM";"11:30 AM";"Lenny Brown";2;2;31;2;0;0;33;"Montana Department of Public Health and Human Services";"2401 COLONIAL DR, PO Box 202953";"HELENA";"MT";59601;"406-444-3074";"406-444-1742";"PV105176 - Buggy Bear Childcare_Billings Montessori - Survey Tool Public_11_27_2019.pdf"
"PV105176";"03/18/2019";"Follow-up Inspection";"9:15 AM";"11:30 AM";"Ryane Holzwarth";3;3;31;2;0;0;33;"Montana Department of Public Health and Human Services";"2401 COLONIAL DR, PO Box 202953";"HELENA";"MT";59601;"406-444-3074";"406-444-1742";"PV105176 - Buggy Bear Childcare_Billings Montessori - Survey Tool Public_03_18_2019.pdf"
"PV108162";"01/06/2020";"Renewal Inspection";"9:45 AM";"10:50 AM";"Pam West";4;4;33;3;0;0;36;"Montana Department of Public Health and Human Services";"2401 COLONIAL DR, PO Box 202953";"HELENA";"MT";59601;"406-444-3074";"406-444-1742";"Danielle Jean Friede_Little Monsters - Survey Tool Public_01_06_2020.pdf"
"PV76252";"05/15/2019";"Renewal Inspection";"8:40 AM";"1:10 AM";"Ryane Holzwarth";0;0;36;0;0;0;36;"Montana Department of Public Health and Human Services";"2401 COLONIAL DR, PO Box 202953";"HELENA";"MT";59601;"406-444-3074";"406-444-1742";"PV76252 - Deborah Rickey - Survey Tool Public_05_15_2019.pdf"
"PV95717";"12/05/2011";"20% Inspection";"06:00 AM";;"Fern Sutherland";0;0;0;0;0;0;0;"Montana Department of Public Health and Human Services";"2401 COLONIAL DR, PO Box 202953";"HELENA";"MT";59601;"406-444-3074";"406-444-1742";"Diana Hughes - Public Report_12_05_2011.pdf"
"PV95717";"06/05/2008";"Initial / 20% Inspection";"06:00 AM";;"Fern Sutherland";0;0;0;0;0;0;0;"Montana Department of Public Health and Human Services";"2401 COLONIAL DR, PO Box 202953";"HELENA";"MT";59601;"406-444-3074";"406-444-1742";"Diana Hughes - Public Report_06_05_2008.pdf"
"PV108918";"01/13/2021";"Complaint Investigation";"4:00 PM";"5:00 PM";"Teri Whitesitt";4;4;35;1;0;0;36;"Montana Department of Public Health and Human Services";"2401 COLONIAL DR, PO Box 202953";"HELENA";"MT";59601;"406-444-3074";"406-444-1742";"PV108918 - Discovering Creation Nature Playschool - Survey Tool Public_01_13_2021.pdf"
"PV76034";"03/13/2020";"Renewal Inspection";"11:20 AM";"1:17 PM";"Ryane Holzwarth";0;0;33;0;0;0;33;"Montana Department of Public Health and Human Services";"2401 COLONIAL DR, PO Box 202953";"HELENA";"MT";59601;"406-444-3074";"406-444-1742";"PV76034 - Discovery Day Care - Survey Tool Public_03_13_2020.pdf"
"PV76034";"03/29/2019";"Renewal Inspection";"8:57 AM";"10:49 AM";"Ryane Holzwarth";0;0;33;0;0;0;33;"Montana Department of Public Health and Human Services";"2401 COLONIAL DR, PO Box 202953";"HELENA";"MT";59601;"406-444-3074";"406-444-1742";"PV76034 - Discovery Day Care - Survey Tool Public_03_29_2019.pdf"
"PV107610";"03/27/2019";"Complaint Investigation";"3:30 PM";"5:00 PM";"Ryane Holzwarth";2;2;31;2;0;0;33;"Montana Department of Public Health and Human Services";"2401 COLONIAL DR, PO Box 202953";"HELENA";"MT";59601;"406-444-3074";"406-444-1742";"PV107610 - Explorer's Academy-Laurel - Survey Tool Public_03_27_2019.pdf"
"PV76060";"04/04/2019";"KIS";"11:36 AM";"12:14 PM";"Ryane Holzwarth";1;1;7;1;0;1;9;"Montana Department of Public Health and Human Services";"2401 COLONIAL DR, PO Box 202953";"HELENA";"MT";59601;"406-444-3074";"406-444-1742";"PV76060 - Friendship House Child Care Center - Survey Tool Public_04_04_2019.pdf"
"PV92252";"05/08/2017";"Renewal Inspection";"06:00 AM";;"Crystal Wavrick";0;0;0;0;0;0;0;"Montana Department of Public Health and Human Services";"2401 COLONIAL DR, PO Box 202953";"HELENA";"MT";59601;"406-444-3074";"406-444-1742";"Haley Free_Mother Moose Daycare - Public Report_05_08_2017.pdf"
"PV92252";"09/24/2015";"Follow-up Inspection";"06:00 AM";;"Cassie Kinnaird";0;0;0;0;0;0;0;"Montana Department of Public Health and Human Services";"2401 COLONIAL DR, PO Box 202953";"HELENA";"MT";59601;"406-444-3074";"406-444-1742";"Haley Free_Mother Moose Daycare - Public Report_09_24_2015.pdf"
"PV92252";"07/30/2015";"Routine Inspection";"06:00 AM";;"Cassie Kinnaird";0;0;0;0;0;0;0;"Montana Department of Public Health and Human Services";"2401 COLONIAL DR, PO Box 202953";"HELENA";"MT";59601;"406-444-3074";"406-444-1742";"Haley Free_Mother Moose Daycare - Public Report_07_30_2015.pdf"
"PV107500";"11/02/2017";"Follow-up Inspection";"06:00 AM";;"Kirsten Geiger";0;0;0;0;0;0;0;"Montana Department of Public Health and Human Services";"2401 COLONIAL DR, PO Box 202953";"HELENA";"MT";59601;"406-444-3074";"406-444-1742";"Hannah Christine Gates_Future Wonders - Public Report_11_02_2017.pdf"
"PV107500";"09/26/2017";"Initial-New Inspection";"06:00 AM";;"Kirsten Geiger";0;0;0;0;0;0;0;"Montana Department of Public Health and Human Services";"2401 COLONIAL DR, PO Box 202953";"HELENA";"MT";59601;"406-444-3074";"406-444-1742";"Hannah Christine Gates_Future Wonders - Public Report_09_26_2017.pdf"
"PV107500";"07/10/2017";"Pre-Inspection";"06:00 AM";;"Kirsten Geiger";0;0;0;0;0;0;0;"Montana Department of Public Health and Human Services";"2401 COLONIAL DR, PO Box 202953";"HELENA";"MT";59601;"406-444-3074";"406-444-1742";"Hannah Christine Gates_Future Wonders - Public Report_07_10_2017.pdf"
"PV81716";"02/27/2020";"Renewal Inspection";"10:45 AM";"11:50 AM";"Kirsten Geiger";0;0;33;0;0;0;33;"Montana Department of Public Health and Human Services";"2401 COLONIAL DR, PO Box 202953";"HELENA";"MT";59601;"406-444-3074";"406-444-1742";"Hrdc Head Start Belgrade - Survey Tool Public_02_27_2020.pdf"
"PV96947";"01/15/2009";"Initial / 20% Inspection";"06:00 AM";;"Carole Meyers";0;0;0;0;0;0;0;"Montana Department of Public Health and Human Services";"2401 COLONIAL DR, PO Box 202953";"HELENA";"MT";59601;"406-444-3074";"406-444-1742";"Go Fish Daycare - Public Report_01_15_2009.pdf"
"PV75621";"02/03/2020";"Complaint Investigation";"9:45 AM";"10:15 AM";"Jodi Linne";1;1;35;1;0;0;36;"Montana Department of Public Health and Human Services";"2401 COLONIAL DR, PO Box 202953";"HELENA";"MT";59601;"406-444-3074";"406-444-1742";"PV75621 - Jennie Yates - Survey Tool Public_02_03_2020.pdf"
"PV82797";"05/21/2013";"Follow-up Inspection";"06:00 AM";;"Pam West";0;0;0;0;0;0;0;"Montana Department of Public Health and Human Services";"2401 COLONIAL DR, PO Box 202953";"HELENA";"MT";59601;"406-444-3074";"406-444-1742";"Jessica Schweigert - Public Report_05_21_2013.pdf"
"PV82797";"05/16/2013";"Follow-up Inspection";"06:00 AM";;"Pam West";0;0;0;0;0;0;0;"Montana Department of Public Health and Human Services";"2401 COLONIAL DR, PO Box 202953";"HELENA";"MT";59601;"406-444-3074";"406-444-1742";"Jessica Schweigert - Public Report_05_16_2013.pdf"
"PV82797";"05/03/2013";"Follow-up Inspection";"06:00 AM";;"Pam West";0;0;0;0;0;0;0;"Montana Department of Public Health and Human Services";"2401 COLONIAL DR, PO Box 202953";"HELENA";"MT";59601;"406-444-3074";"406-444-1742";"Jessica Schweigert - Public Report_05_03_2013.pdf"
"PV82797";"05/01/2013";"Follow-up Inspection";"06:00 AM";;"Pam West";0;0;0;0;0;0;0;"Montana Department of Public Health and Human Services";"2401 COLONIAL DR, PO Box 202953";"HELENA";"MT";59601;"406-444-3074";"406-444-1742";"Jessica Schweigert - Public Report_05_01_2013.pdf"
"PV82797";"04/18/2013";"Initial / 20% Inspection";"06:00 AM";;"Pam West";0;0;0;0;0;0;0;"Montana Department of Public Health and Human Services";"2401 COLONIAL DR, PO Box 202953";"HELENA";"MT";59601;"406-444-3074";"406-444-1742";"Jessica Schweigert - Public Report_04_18_2013.pdf"
"PV82797";"03/12/2013";"Initial Inspection";"06:00 AM";;"Pam West";0;0;0;0;0;0;0;"Montana Department of Public Health and Human Services";"2401 COLONIAL DR, PO Box 202953";"HELENA";"MT";59601;"406-444-3074";"406-444-1742";"Jessica Schweigert - Public Report_03_12_2013.pdf"
"PV82797";"03/18/2009";"Follow-up Inspection";"06:00 AM";;"Pam West";0;0;0;0;0;0;0;"Montana Department of Public Health and Human Services";"2401 COLONIAL DR, PO Box 202953";"HELENA";"MT";59601;"406-444-3074";"406-444-1742";"Jessica Schweigert - Public Report_03_18_2009.pdf"
"PV82797";"10/07/2008";"20% Inspection";"06:00 AM";;"Pam West";0;0;0;0;0;0;0;"Montana Department of Public Health and Human Services";"2401 COLONIAL DR, PO Box 202953";"HELENA";"MT";59601;"406-444-3074";"406-444-1742";"Jessica Schweigert - Public Report_10_07_2008.pdf"
"PV106000";"03/08/2021";"Complaint Investigation";"1:00 PM";"1:40 PM";"Diana Lamers";2;2;34;2;0;0;36;"Montana Department of Public Health and Human Services";"2401 COLONIAL DR, PO Box 202953";"HELENA";"MT";59601;"406-444-3074";"406-444-1742";"PV106000 - Jill Sharon Smith _ Twinkle Star Daycare - Survey Tool Public_03_08_2021.pdf"
"PV108246";"03/05/2020";"Renewal Inspection";"2:12 PM";"3:25 PM";"Ryane Holzwarth";0;0;36;0;0;0;36;"Montana Department of Public Health and Human Services";"2401 COLONIAL DR, PO Box 202953";"HELENA";"MT";59601;"406-444-3074";"406-444-1742";"PV108246 - Kaitlyn  Paulson_ Little Ducklings - Survey Tool Public_03_05_2020.pdf"
"PV104930";"07/07/2017";"Renewal Inspection";"06:00 AM";;"Pam West";0;0;0;0;0;0;0;"Montana Department of Public Health and Human Services";"2401 COLONIAL DR, PO Box 202953";"HELENA";"MT";59601;"406-444-3074";"406-444-1742";"Krissy's Delicate Angels - Public Report_07_07_2017.pdf"
"PV104930";"10/07/2015";"Follow-up Inspection";"06:00 AM";;"Pam West";0;0;0;0;0;0;0;"Montana Department of Public Health and Human Services";"2401 COLONIAL DR, PO Box 202953";"HELENA";"MT";59601;"406-444-3074";"406-444-1742";"Kristie's Delicate Angels - Public Report_10_07_2015.pdf"
"PV104930";"06/04/2015";"Routine Inspection";"06:00 AM";;"Pam West";0;0;0;0;0;0;0;"Montana Department of Public Health and Human Services";"2401 COLONIAL DR, PO Box 202953";"HELENA";"MT";59601;"406-444-3074";"406-444-1742";"Kristie Burris _ Krissy's Delicate Angel - Public Report_06_04_2015.pdf"
"PV104930";"04/03/2015";"Follow-up Inspection";"06:00 AM";;"Pam West";0;0;0;0;0;0;0;"Montana Department of Public Health and Human Services";"2401 COLONIAL DR, PO Box 202953";"HELENA";"MT";59601;"406-444-3074";"406-444-1742";"Kristie Burris _ Krissy's Delicate Angel - Public Report_04_03_2015.pdf"
"PV104930";"02/20/2015";"Routine Inspection";"06:00 AM";;"Pam West";0;0;0;0;0;0;0;"Montana Department of Public Health and Human Services";"2401 COLONIAL DR, PO Box 202953";"HELENA";"MT";59601;"406-444-3074";"406-444-1742";"Kristie Burris _ Krissy's Delicate Angel - Public Report_02_20_2015.pdf"
"PV104930";"01/21/2015";"Complaint Investigation";"06:00 AM";;"Pam West";0;0;0;0;0;0;0;"Montana Department of Public Health and Human Services";"2401 COLONIAL DR, PO Box 202953";"HELENA";"MT";59601;"406-444-3074";"406-444-1742";"Kristie Burris _ Krissy's Delicate Angel - Public Report_01_21_2015.pdf"
"PV104930";"11/17/2014";"Initial / 20% Inspection";"06:00 AM";;"Pam West";0;0;0;0;0;0;0;"Montana Department of Public Health and Human Services";"2401 COLONIAL DR, PO Box 202953";"HELENA";"MT";59601;"406-444-3074";"406-444-1742";"Kristie Burris _ Krissy's Delicate Angel - Public Report_11_17_2014.pdf"
"PV101360";"10/05/2020";"Renewal Inspection";"1:30 PM";"2:00 PM";"Pam West";2;2;34;2;0;0;36;"Montana Department of Public Health and Human Services";"2401 COLONIAL DR, PO Box 202953";"HELENA";"MT";59601;"406-444-3074";"406-444-1742";"PV101360 - Lindsey Mader _ Lindsey's Daycare - Survey Tool Public_10_05_2020.pdf"
"PV105498";"05/24/2019";"Renewal Inspection";"9:25 AM";"10:50 AM";"Kate Hawley";7;7;31;5;0;0;36;"Montana Department of Public Health and Human Services";"2401 COLONIAL DR, PO Box 202953";"HELENA";"MT";59601;"406-444-3074";"406-444-1742";"Mary Ellen  Wood _ Mike Wood - Survey Tool Public_05_24_2019.pdf"
"PV101413";"06/03/2020";"Complaint Investigation";"10:30 AM";"12:00 PM";"Pam West";5;5;32;4;0;0;36;"Montana Department of Public Health and Human Services";"2401 COLONIAL DR, PO Box 202953";"HELENA";"MT";59601;"406-444-3074";"406-444-1742";"PV101413 - Marychris  Robertson _ Flower Bud - Survey Tool Public_06_03_2020.pdf"
"PV108280";"09/28/2020";"Complaint Investigation";"2:35 PM";"3:10 PM";"Diana Lamers";2;2;34;2;0;0;36;"Montana Department of Public Health and Human Services";"2401 COLONIAL DR, PO Box 202953";"HELENA";"MT";59601;"406-444-3074";"406-444-1742";"PV108280 - Melissa  Roberts_ Agape Childcare - Survey Tool Public_09_28_2020.pdf"
"PV79290";"02/03/2020";"Renewal Inspection";"12:00 PM";"1:30 PM";"Lenny Brown";0;0;36;0;0;0;36;"Montana Department of Public Health and Human Services";"2401 COLONIAL DR, PO Box 202953";"HELENA";"MT";59601;"406-444-3074";"406-444-1742";"PV79290 - Nechia L. Love _ Cuddly Care Daycare - Survey Tool Public_02_03_2020.pdf"
"PV103776";"03/12/2020";"Renewal Inspection";"9:50 AM";"11:30 AM";"Edie McLean";1;1;35;1;0;0;36;"Montana Department of Public Health and Human Services";"2401 COLONIAL DR, PO Box 202953";"HELENA";"MT";59601;"406-444-3074";"406-444-1742";"PV103776 - Nici Mouse Playhouse - Survey Tool Public_03_12_2020.pdf"
"PV77216";"09/23/2020";"Complaint Investigation";"11:15 PM";"12:00 PM";"Edie McLean";1;1;35;1;0;0;36;"Montana Department of Public Health and Human Services";"2401 COLONIAL DR, PO Box 202953";"HELENA";"MT";59601;"406-444-3074";"406-444-1742";"PV77216 - Pamela F Reid - Survey Tool Public_09_23_2020.pdf"
"PV100097";"02/11/2020";"Renewal Inspection";"10:55 AM";"11:31 AM";"Ryane Holzwarth";5;5;32;4;0;0;36;"Montana Department of Public Health and Human Services";"2401 COLONIAL DR, PO Box 202953";"HELENA";"MT";59601;"406-444-3074";"406-444-1742";"PV100097 - Patti Gross _ Ready-Set-Grow Childcare - Survey Tool Public_02_11_2020.pdf"
"PV107190";"01/29/2020";"Renewal Inspection";"3:27 PM";"4:32 PM";"Ryane Holzwarth";5;5;32;4;0;0;36;"Montana Department of Public Health and Human Services";"2401 COLONIAL DR, PO Box 202953";"HELENA";"MT";59601;"406-444-3074";"406-444-1742";"PV107190 - Paul Nottingham _ The Children's Cloud - Survey Tool Public_01_29_2020.pdf"
"PV83758";"04/21/2010";"Routine Inspection";"06:00 AM";;"Cora Helm";0;0;0;0;0;0;0;"Montana Department of Public Health and Human Services";"2401 COLONIAL DR, PO Box 202953";"HELENA";"MT";59601;"406-444-3074";"406-444-1742";"Ruby Olmstead - Public Report_04_21_2010.pdf"
"PV83758";"02/10/2010";"Follow-up Inspection";"06:00 AM";;"Cora Helm";0;0;0;0;0;0;0;"Montana Department of Public Health and Human Services";"2401 COLONIAL DR, PO Box 202953";"HELENA";"MT";59601;"406-444-3074";"406-444-1742";"Ruby Olmstead - Public Report_02_10_2010.pdf"
"PV83758";"02/09/2010";"Complaint Investigation";"06:00 AM";;"Cora Helm";0;0;0;0;0;0;0;"Montana Department of Public Health and Human Services";"2401 COLONIAL DR, PO Box 202953";"HELENA";"MT";59601;"406-444-3074";"406-444-1742";"Ruby Olmstead - Public Report_02_09_2010.pdf"
"PV83758";"12/02/2009";"Follow-up Inspection";"06:00 AM";;"Tana Johnson";0;0;0;0;0;0;0;"Montana Department of Public Health and Human Services";"2401 COLONIAL DR, PO Box 202953";"HELENA";"MT";59601;"406-444-3074";"406-444-1742";"Ruby Olmstead - Public Report_12_02_2009.pdf"
"PV83758";"10/29/2009";"Complaint Investigation";"06:00 AM";;"Tana Johnson";0;0;0;0;0;0;0;"Montana Department of Public Health and Human Services";"2401 COLONIAL DR, PO Box 202953";"HELENA";"MT";59601;"406-444-3074";"406-444-1742";"Ruby Olmstead - Public Report_10_29_2009.pdf"
"PV83758";"07/22/2009";"Routine Inspection";"06:00 AM";;"Cora Helm";0;0;0;0;0;0;0;"Montana Department of Public Health and Human Services";"2401 COLONIAL DR, PO Box 202953";"HELENA";"MT";59601;"406-444-3074";"406-444-1742";"Ruby Olmstead - Public Report_07_22_2009.pdf"
"PV83758";"12/02/2008";"Follow-up Inspection";"06:00 AM";;"Cora Helm";0;0;0;0;0;0;0;"Montana Department of Public Health and Human Services";"2401 COLONIAL DR, PO Box 202953";"HELENA";"MT";59601;"406-444-3074";"406-444-1742";"Ruby Olmstead - Public Report_12_02_2008.pdf"
"PV83758";"11/17/2008";"Complaint Investigation";"06:00 AM";;"Cora Helm";0;0;0;0;0;0;0;"Montana Department of Public Health and Human Services";"2401 COLONIAL DR, PO Box 202953";"HELENA";"MT";59601;"406-444-3074";"406-444-1742";"Ruby Olmstead - Public Report_11_17_2008.pdf"
"PV83758";"08/12/2008";"Initial / 20% Inspection";"06:00 AM";;"Cora Helm";0;0;0;0;0;0;0;"Montana Department of Public Health and Human Services";"2401 COLONIAL DR, PO Box 202953";"HELENA";"MT";59601;"406-444-3074";"406-444-1742";"Ruby Olmstead - Public Report_08_12_2008.pdf"
"PV108600";"01/22/2020";"Initial-New Inspection";"1:56 PM";"3:00 PM";"Ryane Holzwarth";5;5;32;4;0;0;36;"Montana Department of Public Health and Human Services";"2401 COLONIAL DR, PO Box 202953";"HELENA";"MT";59601;"406-444-3074";"406-444-1742";"PV108600 - Sara Trautmann _ BHCC Kid Zone - Survey Tool Public_01_22_2020.pdf"
"PV108821";"09/29/2020";"Initial Inspection";"3:10 PM";"4:05 PM";"Diana Lamers";0;0;36;0;0;0;36;"Montana Department of Public Health and Human Services";"2401 COLONIAL DR, PO Box 202953";"HELENA";"MT";59601;"406-444-3074";"406-444-1742";"PV108821 - Sarah Bolstad_Sweet Childcare O' Mine - Survey Tool Public_09_29_2020.pdf"
"PV106437";"03/12/2020";"Renewal Inspection";"12:00 PM";"1:22 PM";"Ryane Holzwarth";0;0;33;0;0;0;33;"Montana Department of Public Health and Human Services";"2401 COLONIAL DR, PO Box 202953";"HELENA";"MT";59601;"406-444-3074";"406-444-1742";"PV106437 - Sheanna Reiser_Happy Home Early Learning - Survey Tool Public_03_12_2020.pdf"
"PV100746";"04/18/2016";"Routine Inspection";"06:00 AM";;"Tana J Johnson";0;0;0;0;0;0;0;"Montana Department of Public Health and Human Services";"2401 COLONIAL DR, PO Box 202953";"HELENA";"MT";59601;"406-444-3074";"406-444-1742";"Sierra M Davis _ Kiddie Kingdom Daycare - Public Report_04_18_2016.pdf"
"PV100746";"03/01/2016";"Complaint Investigation";"06:00 AM";;"Tana J Johnson";0;0;0;0;0;0;0;"Montana Department of Public Health and Human Services";"2401 COLONIAL DR, PO Box 202953";"HELENA";"MT";59601;"406-444-3074";"406-444-1742";"Sierra M Davis _ Kiddie Kingdom Daycare - Public Report_03_01_2016.pdf"
"PV100746";"11/19/2015";"Follow-up Inspection";"06:00 AM";;"Tana J Johnson";0;0;0;0;0;0;0;"Montana Department of Public Health and Human Services";"2401 COLONIAL DR, PO Box 202953";"HELENA";"MT";59601;"406-444-3074";"406-444-1742";"Sierra M Davis _ Kiddie Kingdom Daycare - Public Report_11_19_2015.pdf"
"PV100746";"11/02/2015";"Follow-up Inspection";"06:00 AM";;"Tana J Johnson";0;0;0;0;0;0;0;"Montana Department of Public Health and Human Services";"2401 COLONIAL DR, PO Box 202953";"HELENA";"MT";59601;"406-444-3074";"406-444-1742";"Sierra M Davis _ Kiddie Kingdom Daycare - Public Report_11_02_2015.pdf"
"PV100746";"10/15/2015";"Complaint Investigation";"06:00 AM";;"Tana J Johnson";0;0;0;0;0;0;0;"Montana Department of Public Health and Human Services";"2401 COLONIAL DR, PO Box 202953";"HELENA";"MT";59601;"406-444-3074";"406-444-1742";"Sierra M Davis _ Kiddie Kingdom Daycare - Public Report_10_15_2015.pdf"
"PV100746";"04/02/2015";"Follow-up Inspection";"06:00 AM";;"Tana J Johnson";0;0;0;0;0;0;0;"Montana Department of Public Health and Human Services";"2401 COLONIAL DR, PO Box 202953";"HELENA";"MT";59601;"406-444-3074";"406-444-1742";"Sierra M Davis _ Kiddie Kingdom Daycare - Public Report_04_02_2015.pdf"
"PV100746";"03/17/2015";"Initial / 20% Inspection";"06:00 AM";;"Tana J Johnson";0;0;0;0;0;0;0;"Montana Department of Public Health and Human Services";"2401 COLONIAL DR, PO Box 202953";"HELENA";"MT";59601;"406-444-3074";"406-444-1742";"Sierra M Davis _ Kiddie Kingdom Daycare - Public Report_03_17_2015.pdf"
"PV100232";"03/11/2020";"Renewal Inspection";"2:33 PM";"3:45 PM";"Ryane Holzwarth";6;6;32;4;0;0;36;"Montana Department of Public Health and Human Services";"2401 COLONIAL DR, PO Box 202953";"HELENA";"MT";59601;"406-444-3074";"406-444-1742";"PV100232 - Stephanie L Maroncelli_Funshine Preschoo - Survey Tool Public_03_11_2020.pdf"
"PV100210";"02/13/2020";"Renewal Inspection";"11:20 AM";"12:30 PM";"Lenny Brown";0;0;36;0;0;0;36;"Montana Department of Public Health and Human Services";"2401 COLONIAL DR, PO Box 202953";"HELENA";"MT";59601;"406-444-3074";"406-444-1742";"PV100210 - Susan C Cox _ Sue's Sunshine Daycare - Survey Tool Public_02_13_2020.pdf"
"PV78116";"02/19/2020";"Renewal Inspection";"10:00 AM";"11:34 AM";"Ryane Holzwarth";0;0;36;0;0;0;36;"Montana Department of Public Health and Human Services";"2401 COLONIAL DR, PO Box 202953";"HELENA";"MT";59601;"406-444-3074";"406-444-1742";"PV78116 - Teresa Seward - Survey Tool Public_02_19_2020.pdf"
"PV78116";"02/20/2019";"Renewal Inspection";"10:50 PM";"12:00 PM";"Ryane Holzwarth";4;4;32;4;0;0;36;"Montana Department of Public Health and Human Services";"2401 COLONIAL DR, PO Box 202953";"HELENA";"MT";59601;"406-444-3074";"406-444-1742";"PV78116 - Teresa Seward - Survey Tool Public_02_20_2019.pdf"
"PV105846";"02/20/2020";"KIS";"11:30 PM";"12:15 PM";"Jodi Linne";0;0;9;0;0;0;9;"Montana Department of Public Health and Human Services";"2401 COLONIAL DR, PO Box 202953";"HELENA";"MT";59601;"406-444-3074";"406-444-1742";"PV105846 - The Growing Tree - Survey Tool Public_02_20_2020.pdf"
"PV104942";"03/11/2020";"Renewal Inspection";"11:42 AM";"12:40 PM";"Fern Sutherland";0;0;36;0;0;0;36;"Montana Department of Public Health and Human Services";"2401 COLONIAL DR, PO Box 202953";"HELENA";"MT";59601;"406-444-3074";"406-444-1742";"PV104942 - Amy Kimler _ Just Because We Care - Survey Tool Public_03_11_2020.pdf"
"PV91279";"11/04/2014";"Routine Inspection";"06:00 AM";;"Pam West";0;0;0;0;0;0;0;"Montana Department of Public Health and Human Services";"2401 COLONIAL DR, PO Box 202953";"HELENA";"MT";59601;"406-444-3074";"406-444-1742";"Tiffany Kimberling - Public Report_11_04_2014.pdf"
"PV91279";"05/09/2014";"Follow-up Inspection";"06:00 AM";;"Pam West";0;0;0;0;0;0;0;"Montana Department of Public Health and Human Services";"2401 COLONIAL DR, PO Box 202953";"HELENA";"MT";59601;"406-444-3074";"406-444-1742";"Tiffany Kimberling - Public Report_05_09_2014.pdf"
"PV91279";"03/27/2014";"20% Inspection";"06:00 AM";;"Pam West";0;0;0;0;0;0;0;"Montana Department of Public Health and Human Services";"2401 COLONIAL DR, PO Box 202953";"HELENA";"MT";59601;"406-444-3074";"406-444-1742";"Tiffany Kimberling - Public Report_03_27_2014.pdf"
"PV91279";"12/09/2009";"20% Inspection";"06:00 AM";;"Pam West";0;0;0;0;0;0;0;"Montana Department of Public Health and Human Services";"2401 COLONIAL DR, PO Box 202953";"HELENA";"MT";59601;"406-444-3074";"406-444-1742";"Tiffany Kimberling - Public Report_12_09_2009.pdf"
"PV91279";"11/16/2007";"Routine Inspection";"06:00 AM";;"Pam West";0;0;0;0;0;0;0;"Montana Department of Public Health and Human Services";"2401 COLONIAL DR, PO Box 202953";"HELENA";"MT";59601;"406-444-3074";"406-444-1742";"Tiffany Kimberling - Public Report_11_16_2007.pdf"
"PV107102";"09/12/2017";"Initial-New Inspection";"06:00 AM";;"Gloria Tatchell";0;0;0;0;0;0;0;"Montana Department of Public Health and Human Services";"2401 COLONIAL DR, PO Box 202953";"HELENA";"MT";59601;"406-444-3074";"406-444-1742";"Timber Crooker _ Silly Goose Playhouse - Public Report_09_12_2017.pdf"
"PV107102";"05/17/2017";"Pre-Inspection";"06:00 AM";;"Penny Job";0;0;0;0;0;0;0;"Montana Department of Public Health and Human Services";"2401 COLONIAL DR, PO Box 202953";"HELENA";"MT";59601;"406-444-3074";"406-444-1742";"Timber Crooker _ Silly Goose Playhouse - Public Report_05_17_2017.pdf"
"PV106982";"09/24/2020";"Complaint Investigation";"9:01 AM";"10:30 AM";"Ryane Holzwarth";7;7;27;6;0;0;33;"Montana Department of Public Health and Human Services";"2401 COLONIAL DR, PO Box 202953";"HELENA";"MT";59601;"406-444-3074";"406-444-1742";"PV106982 - Victoria Johnson _ Little Pumkin Patch - Survey Tool Public_09_24_2020.pdf"
"PV107732";"12/11/2019";"Renewal Inspection";"2:00 PM";"3:30 PM";"Lenny Brown";2;2;31;2;0;0;33;"Montana Department of Public Health and Human Services";"2401 COLONIAL DR, PO Box 202953";"HELENA";"MT";59601;"406-444-3074";"406-444-1742";"PV107732 - Yellow Umbrella Early Learning Center - Survey Tool Public_12_11_2019.pdf"
